Player Name,Matchup,Market,Odds,Trend Context,Linemate Percentage
J. Elliott,VS WAS,Over 7.5 Kicking Points,+102,Hit in 2 of his last 2 games vs WAS,100%
D. Smith,VS WAS,Under 4.5 Receptions,-165,Hit in 2 of his last 2 games,100%
D. Smith,VS WAS,Over 0.5 Anytime TD,+230,Hit in 3 of his last 3 home games,100%
D. Smith,VS WAS,Over 52.5 Rush + Rec Yds,-117,Hit in 2 of his last 2 games vs WAS,100%
D. Smith,VS WAS,Over 52.5 Rush + Rec Yds,-117,Hit in 4 of his last 4 home games,100%
J. Elliott,VS WAS,Over 2.5 XP Made,-157,Hit in 3 of his last 4 games,75%
J. Hurts,VS WAS,Over 1.5 Pass TD,+126,Hit in 2 of his last 2 games,100%
J. Hurts,VS WAS,Over 1.5 Pass TD,+126,Hit in 4 of his last 4 games vs WAS,100%
J. Hurts,VS WAS,Over 1.5 Pass TD,+126,Hit in 2 of his last 2 home games,100%
J. Hurts,VS WAS,Over 224.5 Pass Yds,-113,Hit in 2 of his last 2 games vs WAS,100%
J. Hurts,VS WAS,Over 224.5 Pass Yds,-113,Hit in 2 of his last 2 home games,100%
J. Elliott,VS WAS,Over 1.5 FG Made,-101,Hit in 2 of his last 3 games,67%
J. Hurts,VS WAS,Over 0.5 Anytime TD,-110,Hit in 4 of his last 4 games,100%
J. Hurts,VS WAS,Under 0.5 Int,-179,Hit in 2 of his last 2 games vs WAS,100%
S. Barkley,VS WAS,Over 2.5 Receptions,+126,Hit in 4 of his last 4 games vs WAS,100%
S. Barkley,VS WAS,Over 13.5 Rec Yds,-115,Hit in 4 of his last 4 games vs WAS,100%
S. Barkley,VS WAS,Over 0.5 Anytime TD,-180,Hit in 4 of his last 4 games vs WAS,100%
J. Elliott,VS WAS,Over 2.5 XP Made,-157,Hit in 3 of his last 4 games,75%
S. Barkley,VS WAS,Over 110.5 Rush + Rec Yds,-114,Hit in 3 of his last 3 games vs WAS,100%
A. Brown,VS WAS,Under 5.5 Receptions,-152,Hit in 4 of his last 4 games,100%
A. Brown,VS WAS,Over 0.5 Anytime TD,+130,Hit in 2 of his last 2 games vs WAS,100%
A. Brown,VS WAS,Over 80.5 Rush + Rec Yds,-119,Hit in 2 of his last 2 games vs WAS,100%
D. Goedert,VS WAS,Under 3.5 Receptions,-140,Hit in 2 of his last 2 games,100%
J. Elliott,VS WAS,Over 1.5 FG Made,-101,Hit in 2 of his last 3 games,67%
N. Brown,@ PHI,Under 3.5 Receptions,-152,Hit in 2 of his last 2 games vs PHI,100%
N. Brown,@ PHI,Over 38.5 Rec Yds,-113,Hit in 2 of his last 2 away games,100%
N. Brown,@ PHI,Over 40.5 Rush + Rec Yds,-113,Hit in 2 of his last 2 away games,100%
B. Robinson,@ PHI,Over 0.5 Anytime TD,+105,Hit in 3 of his last 3 away games,100%
T. McLaurin,@ PHI,Over 4.5 Receptions,-120,Hit in 4 of his last 4 games vs PHI,100%
J. Elliott,VS WAS,Over 2.5 XP Made,-157,Hit in 3 of his last 4 games,75%
T. McLaurin,@ PHI,Over 0.5 Anytime TD,+180,Hit in 4 of his last 4 away games,100%
J. Daniels,@ PHI,Under 226.5 Pass Yds,-113,Hit in 2 of his last 2 games,100%
J. Daniels,@ PHI,Under 0.5 Int,-117,Hit in 5 of his last 5 games,100%
Z. Ertz,@ PHI,Under 34.5 Rec Yds,-113,Hit in 2 of his last 2 games,100%
A. Ekeler,@ PHI,Over 0.5 Anytime TD,+220,Hit in 2 of his last 2 games,100%
J. Elliott,VS WAS,Over 1.5 FG Made,-101,Hit in 2 of his last 3 games,67%
D. Smith,VS WAS,Over 52.5 Rec Yds,-113,Hit in 2 of his last 2 games vs WAS,100%
D. Smith,VS WAS,Over 52.5 Rec Yds,-113,Hit in 4 of his last 4 home games,100%
J. Hurts,VS WAS,Under 18.5 Pass Compl,-114,Hit in 6 of his last 6 games,100%
J. Hurts,VS WAS,Over 38.5 Rush Yds,-113,Hit in 2 of his last 2 games,100%
J. Hurts,VS WAS,Over 9.5 Rush Att,-102,Hit in 4 of his last 4 home games,100%
J. Elliott,VS WAS,Over 2.5 XP Made,-157,Hit in 3 of his last 4 games,75%
T. McLaurin,@ PHI,Over 60.5 Rec Yds,-113,Hit in 4 of his last 4 games vs PHI,100%
J. Daniels,@ PHI,Under 19.5 Pass Compl,-106,Hit in 2 of his last 2 games,100%
J. Hurts,VS WAS,Over 269.5 Pass + Rush Yds,-114,Hit in 2 of his last 2 games vs WAS,100%
J. Hurts,VS WAS,Over 269.5 Pass + Rush Yds,-114,Hit in 2 of his last 2 home games,100%
G. Calcaterra,VS WAS,Over 6.5 Rec Yds,-110,Hit in 6 of his last 6 home games,100%
J. Elliott,VS WAS,Over 1.5 FG Made,-101,Hit in 2 of his last 3 games,67%
D. Goedert,VS WAS,Under 33.5 Rec Yds,-113,Hit in 2 of his last 2 games,100%
B. Robinson,@ PHI,Over 47.5 Rush Yds,-115,Hit in 2 of his last 2 games,100%
J. Daniels,@ PHI,Under 43.5 Rush Yds,-113,Hit in 2 of his last 2 games,100%
J. Daniels,@ PHI,Under 275.5 Pass + Rush Yds,-114,Hit in 2 of his last 2 games,100%
J. Hurts,VS WAS,Under 27.5 Pass Att,-114,Hit in 5 of his last 5 games,100%
J. Elliott,VS WAS,Over 2.5 XP Made,-157,Hit in 3 of his last 4 games,75%
J. Hurts,VS WAS,Over 48.5 1Q Pass Yds,-113,Hit in 2 of his last 2 games,100%
J. Hurts,VS WAS,Over 59.5 1Q Pass + Rush Yds,-114,Hit in 2 of his last 2 games,100%
S. Barkley,VS WAS,Over 26.5 1Q Rush + Rec Yds,-114,Hit in 2 of his last 2 games,100%
S. Barkley,VS WAS,Over 26.5 1Q Rush + Rec Yds,-114,Hit in 2 of his last 2 games vs WAS,100%
S. Barkley,VS WAS,Over 0.5 1Q Rec Yds,+142,Hit in 2 of his last 2 games,100%
J. Elliott,VS WAS,Over 1.5 FG Made,-101,Hit in 2 of his last 3 games,67%
S. Barkley,VS WAS,Over 0.5 1Q Rec Yds,+142,Hit in 4 of his last 4 games vs WAS,100%
A. Brown,VS WAS,Over 80.5 Rec Yds,-113,Hit in 2 of his last 2 games vs WAS,100%
A. Brown,VS WAS,Over 15.5 1Q Rec Yds,-115,Hit in 4 of his last 4 games,100%
N. Brown,@ PHI,Under 3.5 1Q Rec Yds,-115,Hit in 4 of his last 4 games,100%
N. Brown,@ PHI,Under 3.5 1Q Rec Yds,-115,Hit in 2 of his last 2 games vs PHI,100%
J. Elliott,VS WAS,Over 2.5 XP Made,-157,Hit in 3 of his last 4 games,75%
B. Robinson,@ PHI,Over 5.5 Rec Yds,-120,Hit in 2 of his last 2 games vs PHI,100%
T. McLaurin,@ PHI,Under 9.5 1Q Rec Yds,-111,Hit in 2 of his last 2 games,100%
J. Daniels,@ PHI,Under 44.5 1Q Pass Yds,-115,Hit in 2 of his last 2 games,100%
J. Daniels,@ PHI,Under 57.5 1Q Pass + Rush Yds,-115,Hit in 2 of his last 2 games,100%
J. Daniels,@ PHI,Under 8.5 1Q Rush Yds,-122,Hit in 2 of his last 2 games,100%
J. Elliott,VS WAS,Over 1.5 FG Made,-101,Hit in 2 of his last 3 games,67%
C. Williams,VS GB,Under 0.5 Pass TD,+132,Hit in 3 of his last 3 games,100%
C. Santos,VS GB,Over 5.5 Kicking Points,-115,Hit in 3 of his last 3 games vs GB,100%
C. Santos,VS GB,Over 1.5 FG Made,+118,Hit in 3 of his last 3 games vs GB,100%
C. Santos,VS GB,Under 1.5 XP Made,-119,Hit in 3 of his last 3 games,100%
C. Santos,VS GB,Under 1.5 XP Made,-119,Hit in 4 of his last 4 games vs GB,100%
J. Elliott,VS WAS,Over 2.5 XP Made,-157,Hit in 3 of his last 4 games,75%
T. Kraft,@ CHI,Over 0.5 Anytime TD,+280,Hit in 2 of his last 2 away games,100%
J. Jacobs,@ CHI,Over 0.5 Anytime TD,-105,Hit in 2 of his last 2 away games,100%
J. Love,@ CHI,Over 1.5 Pass TD,-113,Hit in 2 of his last 2 games vs CHI,100%
B. McManus,@ CHI,Over 1.5 FG Made,-103,Hit in 2 of his last 2 games,100%
B. McManus,@ CHI,Over 1.5 FG Made,-103,Hit in 2 of his last 2 away games,100%
J. Elliott,VS WAS,Over 1.5 FG Made,-101,Hit in 2 of his last 3 games,67%
B. McManus,@ CHI,Over 6.5 Kicking Points,-145,Hit in 2 of his last 2 away games,100%
D. Montgomery,VS JAX,Over 0.5 Anytime TD,-250,Hit in 4 of his last 4 home games,100%
A. St. Brown,VS JAX,Over 0.5 Anytime TD,+100,Hit in 7 of his last 7 games,100%
A. St. Brown,VS JAX,Over 0.5 Anytime TD,+100,Hit in 2 of his last 2 home games,100%
J. Gibbs,VS JAX,Over 0.5 Anytime TD,-140,Hit in 2 of his last 2 home games,100%
J. Elliott,VS WAS,Over 2.5 XP Made,-157,Hit in 3 of his last 4 games,75%
W. Levis,VS MIN,Over 0.5 Pass TD,-215,Hit in 2 of his last 2 games,100%
W. Levis,VS MIN,Over 0.5 Pass TD,-215,Hit in 3 of his last 3 home games,100%
N. Westbrook-Ikhine,VS MIN,Over 0.5 Anytime TD,+500,Hit in 2 of his last 2 home games,100%
N. Folk,VS MIN,Over 1.5 XP Made,+108,Hit in 3 of his last 3 games,100%
N. Folk,VS MIN,Over 1.5 XP Made,+108,Hit in 6 of his last 6 home games,100%
J. Elliott,VS WAS,Over 1.5 FG Made,-101,Hit in 2 of his last 3 games,67%
N. Vannett,VS MIN,Over 0.5 Anytime TD,+2000,Hit in 2 of his last 2 home games,100%
D. Maye,VS LA,Under 1.5 Pass TD,-250,Hit in 3 of his last 3 games,100%
C. Tillman,@ NO,Over 0.5 Anytime TD,+180,Hit in 2 of his last 2 games,100%
M. Andrews,@ PIT,Over 0.5 Anytime TD,+155,Hit in 2 of his last 2 away games,100%
D. Henry,@ PIT,Over 0.5 Anytime TD,-185,Hit in 11 of his last 11 games,100%
J. Elliott,VS WAS,Over 2.5 XP Made,-157,Hit in 3 of his last 4 games,75%
D. Henry,@ PIT,Over 0.5 Anytime TD,-185,Hit in 5 of his last 5 away games,100%
I. Likely,@ PIT,Over 0.5 Anytime TD,+500,Hit in 2 of his last 2 games vs PIT,100%
D. Adams,VS IND,Over 0.5 Anytime TD,+110,Hit in 2 of his last 2 games vs IND,100%
G. Wilson,VS IND,Over 0.5 Anytime TD,+120,Hit in 2 of his last 2 home games,100%
R. Stevenson,VS LA,Over 0.5 Anytime TD,+115,Hit in 3 of his last 3 home games,100%
J. Elliott,VS WAS,Over 1.5 FG Made,-101,Hit in 2 of his last 3 games,67%
J. Slye,VS LA,Over 1.5 XP Made,-145,Hit in 2 of his last 2 home games,100%
C. Williams,VS GB,Under 0.5 Int,+115,Hit in 3 of his last 3 games,100%
J. Love,@ CHI,Over 0.5 Int,-140,Hit in 8 of his last 8 games,100%
J. Love,@ CHI,Over 0.5 Int,-140,Hit in 4 of his last 4 away games,100%
G. Pickens,VS BAL,Over 68.5 Rush + Rec Yds,-115,Hit in 3 of his last 3 games,100%
J. Elliott,VS WAS,Over 2.5 XP Made,-157,Hit in 3 of his last 4 games,75%
G. Pickens,VS BAL,Over 68.5 Rush + Rec Yds,-115,Hit in 2 of his last 2 home games,100%
C. Boswell,VS BAL,Over 1.5 FG Made,-120,Hit in 2 of his last 2 home games,100%
C. Boswell,VS BAL,Under 2.5 XP Made,-225,Hit in 4 of his last 4 games vs BAL,100%
C. Boswell,VS BAL,Over 6.5 Kicking Points,-135,Hit in 2 of his last 2 home games,100%
J. Tucker,@ PIT,Under 1.5 FG Made,-110,Hit in 2 of his last 2 games vs PIT,100%
J. Elliott,VS WAS,Over 1.5 FG Made,-101,Hit in 2 of his last 3 games,67%
J. Tucker,@ PIT,Over 2.5 XP Made,-135,Hit in 8 of his last 8 games,100%
J. Tucker,@ PIT,Over 2.5 XP Made,-135,Hit in 4 of his last 4 away games,100%
J. Tucker,@ PIT,Under 7.5 Kicking Points,-120,Hit in 3 of his last 3 games vs PIT,100%
R. Bateman,@ PIT,Over 2.5 Receptions,-125,Hit in 2 of his last 2 games,100%
L. Jackson,@ PIT,Under 0.5 Int,-130,Hit in 4 of his last 4 games,100%
J. Elliott,VS WAS,Over 2.5 XP Made,-157,Hit in 3 of his last 4 games,75%
W. Levis,VS MIN,Under 185.5 Pass Yds,-115,Hit in 3 of his last 3 games,100%
J. Smith,VS LV,Over 32.5 Rec Yds,-115,Hit in 2 of his last 2 games,100%
J. Meyers,@ MIA,Over 5.5 Receptions,-115,Hit in 3 of his last 3 games,100%
J. Meyers,@ MIA,Over 5.5 Receptions,-115,Hit in 2 of his last 2 away games,100%
B. Bowers,@ MIA,Under 5.5 Receptions,-120,Hit in 2 of his last 2 games,100%
J. Elliott,VS WAS,Over 1.5 FG Made,-101,Hit in 2 of his last 3 games,67%
J. Reed,@ CHI,Under 4.5 Receptions,-125,Hit in 2 of his last 2 games vs CHI,100%
T. Kraft,@ CHI,Over 34.5 Rec Yds,-115,Hit in 2 of his last 2 away games,100%
J. Bates,VS JAX,Under 8.5 Kicking Points,-110,Hit in 2 of his last 2 games,100%
J. Bates,VS JAX,Over 3.5 XP Made,+130,Hit in 2 of his last 2 home games,100%
C. Watson,@ CHI,Over 32.5 Rec Yds,-115,Hit in 2 of his last 2 games,100%
J. Elliott,VS WAS,Over 2.5 XP Made,-157,Hit in 3 of his last 4 games,75%
C. Watson,@ CHI,Over 32.5 Rec Yds,-115,Hit in 2 of his last 2 away games,100%
W. Levis,VS MIN,Over 13.5 Rush Yds,-115,Hit in 2 of his last 2 games,100%
W. Levis,VS MIN,Under 28.5 Pass Att,-110,Hit in 3 of his last 3 games,100%
W. Levis,VS MIN,Over 0.5 Int,-145,Hit in 4 of his last 4 home games,100%
N. Westbrook-Ikhine,VS MIN,Over 23.5 Rec Yds,-115,Hit in 3 of his last 3 games,100%
J. Elliott,VS WAS,Over 1.5 FG Made,-101,Hit in 2 of his last 3 games,67%
C. Ridley,VS MIN,Over 54.5 Rec Yds,-115,Hit in 3 of his last 3 games,100%
S. Darnold,@ TEN,Over 0.5 Int,-115,Hit in 2 of his last 2 games,100%
T. Hockenson,@ TEN,Over 46.5 Rec Yds,-115,Hit in 7 of his last 7 away games,100%
R. Stevenson,VS LA,Over 2.5 Receptions,-108,Hit in 2 of his last 2 home games,100%
H. Henry,VS LA,Over 36.5 Rec Yds,-115,Hit in 2 of his last 2 home games,100%
J. Elliott,VS WAS,Over 2.5 XP Made,-157,Hit in 3 of his last 4 games,75%
D. Douglas,VS LA,Over 31.5 Rec Yds,-120,Hit in 2 of his last 2 games,100%
D. Douglas,VS LA,Over 3.5 Receptions,+100,Hit in 2 of his last 2 games,100%
K. Boutte,VS LA,Over 2.5 Receptions,-118,Hit in 2 of his last 2 home games,100%
K. Boutte,VS LA,Over 33.5 Rush + Rec Yds,-115,Hit in 3 of his last 3 home games,100%
D. Maye,VS LA,Over 0.5 Int,-125,Hit in 2 of his last 2 games,100%
J. Elliott,VS WAS,Over 1.5 FG Made,-101,Hit in 2 of his last 3 games,67%
K. Williams,@ NE,Under 101.5 Rush + Rec Yds,-110,Hit in 2 of his last 2 games,100%
C. Kupp,@ NE,Over 71.5 Rush + Rec Yds,-115,Hit in 2 of his last 2 games,100%
C. Kupp,@ NE,Over 6.5 Receptions,-108,Hit in 2 of his last 2 games,100%
J. Karty,@ NE,Over 7.5 Kicking Points,+100,Hit in 2 of his last 2 games,100%
J. Karty,@ NE,Over 7.5 Kicking Points,+100,Hit in 2 of his last 2 away games,100%
J. Elliott,VS WAS,Over 2.5 XP Made,-157,Hit in 3 of his last 4 games,75%
J. Karty,@ NE,Over 1.5 FG Made,-125,Hit in 2 of his last 2 games,100%
J. Karty,@ NE,Over 1.5 FG Made,-125,Hit in 2 of his last 2 away games,100%
J. Karty,@ NE,Under 2.5 XP Made,-160,Hit in 2 of his last 2 games,100%
M. Stafford,@ NE,Over 33.5 Pass Att,-105,Hit in 3 of his last 3 games,100%
M. Stafford,@ NE,Over 22.5 Pass Compl,-110,Hit in 3 of his last 3 games,100%
J. Elliott,VS WAS,Over 1.5 FG Made,-101,Hit in 2 of his last 3 games,67%
M. Stafford,@ NE,Over 0.5 Int,-105,Hit in 6 of his last 6 games,100%
M. Stafford,@ NE,Over 0.5 Int,-105,Hit in 2 of his last 2 away games,100%
G. Minshew,@ MIA,Under 30.5 Pass Att,-110,Hit in 2 of his last 2 games,100%
C. Kmet,VS GB,Over 24.5 Rec Yds,-115,Hit in 3 of his last 3 games vs GB,100%
J. Jacobs,@ CHI,Over 68.5 Rush Yds,-110,Hit in 3 of his last 3 games,100%
J. Elliott,VS WAS,Over 2.5 XP Made,-157,Hit in 3 of his last 4 games,75%
J. Jacobs,@ CHI,Over 68.5 Rush Yds,-110,Hit in 2 of his last 2 away games,100%
B. Grupe,VS CLE,Over 7.5 Kicking Points,+100,Hit in 2 of his last 2 games,100%
B. Grupe,VS CLE,Over 1.5 FG Made,-135,Hit in 3 of his last 3 games,100%
B. Grupe,VS CLE,Under 2.5 XP Made,-185,Hit in 4 of his last 4 games,100%
D. Carr,VS CLE,Over 0.5 Rush Yds,-120,Hit in 4 of his last 4 home games,100%
J. Elliott,VS WAS,Over 1.5 FG Made,-101,Hit in 2 of his last 3 games,67%
D. Carr,VS CLE,Over 1.5 Rush Att,-115,Hit in 3 of his last 3 home games,100%
D. Hopkins,@ NO,Over 6.5 Kicking Points,-145,Hit in 2 of his last 2 away games,100%
D. Hopkins,@ NO,Over 1.5 FG Made,-135,Hit in 2 of his last 2 away games,100%
C. Tillman,@ NO,Over 55.5 Rec Yds,-114,Hit in 3 of his last 3 games,100%
C. Tillman,@ NO,Over 4.5 Receptions,-102,Hit in 3 of his last 3 games,100%
J. Elliott,VS WAS,Over 2.5 XP Made,-157,Hit in 3 of his last 4 games,75%
J. Jeudy,@ NO,Over 3.5 Receptions,-160,Hit in 2 of his last 2 games,100%
J. Jeudy,@ NO,Over 48.5 Rush + Rec Yds,-115,Hit in 2 of his last 2 games,100%
N. Chubb,@ NO,Under 1.5 Receptions,-165,Hit in 4 of his last 4 games,100%
D. Washington,VS BAL,Over 8.5 Rec Yds,-110,Hit in 2 of his last 2 home games,100%
R. Wilson,VS BAL,Under 29.5 Pass Att,+100,Hit in 3 of his last 3 games,100%
J. Elliott,VS WAS,Over 1.5 FG Made,-101,Hit in 2 of his last 3 games,67%
C. Austin,VS BAL,Over 21.5 Rec Yds,-115,Hit in 2 of his last 2 home games,100%
C. Austin,VS BAL,Over 1.5 Receptions,-200,Hit in 2 of his last 2 games,100%
L. Jackson,@ PIT,Over 237.5 Pass Yds,-114,Hit in 6 of his last 6 games,100%
L. Jackson,@ PIT,Over 237.5 Pass Yds,-114,Hit in 3 of his last 3 away games,100%
L. Jackson,@ PIT,Over 1.5 Pass TD,-114,Hit in 4 of his last 4 games,100%
J. Elliott,VS WAS,Over 2.5 XP Made,-157,Hit in 3 of his last 4 games,75%
L. Jackson,@ PIT,Over 1.5 Pass TD,-114,Hit in 3 of his last 3 away games,100%
L. Jackson,@ PIT,Over 282.5 Pass + Rush Yds,-115,Hit in 6 of his last 6 games,100%
L. Jackson,@ PIT,Over 282.5 Pass + Rush Yds,-115,Hit in 3 of his last 3 away games,100%
L. Jackson,@ PIT,Over 43.5 Rush Yds,-115,Hit in 7 of his last 7 away games,100%
L. Jackson,@ PIT,Under 8.5 Rush Att,-110,Hit in 3 of his last 3 games,100%
J. Elliott,VS WAS,Over 1.5 FG Made,-101,Hit in 2 of his last 3 games,67%
D. Adams,VS IND,Over 63.5 Rush + Rec Yds,-120,Hit in 2 of his last 2 games vs IND,100%
D. Adams,VS IND,Over 63.5 Rec Yds,-115,Hit in 2 of his last 2 games vs IND,100%
D. Adams,VS IND,Over 5.5 Receptions,-125,Hit in 2 of his last 2 games,100%
D. Adams,VS IND,Over 5.5 Receptions,-125,Hit in 2 of his last 2 games vs IND,100%
A. Rodgers,VS IND,Under 239.5 Pass Yds,-115,Hit in 3 of his last 3 games,100%
J. Elliott,VS WAS,Over 2.5 XP Made,-157,Hit in 3 of his last 4 games,75%
A. Rodgers,VS IND,Over 1.5 Pass TD,+100,Hit in 2 of his last 2 home games,100%
A. Rodgers,VS IND,Under 22.5 Pass Compl,+105,Hit in 3 of his last 3 games,100%
A. Rodgers,VS IND,Under 0.5 Int,-145,Hit in 3 of his last 3 games,100%
G. Wilson,VS IND,Over 66.5 Rush + Rec Yds,-120,Hit in 2 of his last 2 home games,100%
G. Wilson,VS IND,Over 65.5 Rec Yds,-115,Hit in 2 of his last 2 home games,100%
J. Elliott,VS WAS,Over 1.5 FG Made,-101,Hit in 2 of his last 3 games,67%
G. Wilson,VS IND,Over 5.5 Receptions,-135,Hit in 2 of his last 2 home games,100%
B. Hall,VS IND,Over 73.5 Rush Yds,-115,Hit in 2 of his last 2 home games,100%
B. Hall,VS IND,Under 107.5 Rush + Rec Yds,-115,Hit in 3 of his last 3 games,100%
B. Hall,VS IND,Under 4.5 Receptions,-170,Hit in 3 of his last 3 games,100%
M. Gay,@ NYJ,Over 6.5 Kicking Points,-120,Hit in 7 of his last 7 games,100%
J. Elliott,VS WAS,Over 2.5 XP Made,-157,Hit in 3 of his last 4 games,75%
M. Gay,@ NYJ,Over 6.5 Kicking Points,-120,Hit in 4 of his last 4 away games,100%
M. Gay,@ NYJ,Over 1.5 FG Made,-120,Hit in 7 of his last 7 games,100%
M. Gay,@ NYJ,Over 1.5 FG Made,-120,Hit in 4 of his last 4 away games,100%
A. Richardson,@ NYJ,Under 177.5 Pass Yds,-115,Hit in 4 of his last 4 games,100%
A. Richardson,@ NYJ,Over 0.5 Int,-155,Hit in 2 of his last 2 away games,100%
J. Elliott,VS WAS,Over 1.5 FG Made,-101,Hit in 2 of his last 3 games,67%
A. Richardson,@ NYJ,Over 219.5 Pass + Rush Yds,-115,Hit in 2 of his last 2 away games,100%
A. Richardson,@ NYJ,Over 36.5 Rush Yds,-120,Hit in 2 of his last 2 games,100%
A. Richardson,@ NYJ,Over 36.5 Rush Yds,-120,Hit in 2 of his last 2 away games,100%
J. Taylor,@ NYJ,Over 10.5 Rec Yds,-115,Hit in 3 of his last 3 away games,100%
K. Boutte,VS LA,Over 31.5 Rec Yds,-114,Hit in 3 of his last 3 home games,100%
J. Elliott,VS WAS,Over 2.5 XP Made,-157,Hit in 3 of his last 4 games,75%
D. Maye,VS LA,Over 30.5 Rush Yds,-114,Hit in 2 of his last 2 home games,100%
D. Maye,VS LA,Under 209.5 Pass Yds,-114,Hit in 3 of his last 3 games,100%
K. Williams,@ NE,Under 81.5 Rush Yds,-114,Hit in 2 of his last 2 games,100%
K. Williams,@ NE,Over 13.5 Rec Yds,-114,Hit in 3 of his last 3 games,100%
C. Kupp,@ NE,Over 69.5 Rec Yds,-114,Hit in 2 of his last 2 games,100%
J. Elliott,VS WAS,Over 1.5 FG Made,-101,Hit in 2 of his last 3 games,67%
M. Stafford,@ NE,Over 241.5 Pass Yds,-114,Hit in 3 of his last 3 games,100%
M. Stafford,@ NE,Over 247.5 Pass + Rush Yds,-115,Hit in 3 of his last 3 games,100%
T. Tagovailoa,VS LV,Under 240.5 Pass Yds,-115,Hit in 4 of his last 4 games,100%
T. Tagovailoa,VS LV,Under 245.5 Pass + Rush Yds,-115,Hit in 2 of his last 2 games,100%
J. Sanders,VS LV,Over 7.5 Kicking Points,-120,Hit in 3 of his last 3 games,100%
J. Elliott,VS WAS,Over 2.5 XP Made,-157,Hit in 3 of his last 4 games,75%
J. Sanders,VS LV,Over 1.5 FG Made,-135,Hit in 3 of his last 3 games,100%
J. Sanders,VS LV,Over 1.5 FG Made,-135,Hit in 2 of his last 2 home games,100%
J. Meyers,@ MIA,Over 56.5 Rec Yds,-115,Hit in 2 of his last 2 away games,100%
J. Meyers,@ MIA,Over 57.5 Rush + Rec Yds,-115,Hit in 2 of his last 2 away games,100%
D. Carlson,@ MIA,Over 5.5 Kicking Points,-125,Hit in 3 of his last 3 games,100%
J. Elliott,VS WAS,Over 1.5 FG Made,-101,Hit in 2 of his last 3 games,67%
D. Carlson,@ MIA,Over 5.5 Kicking Points,-125,Hit in 2 of his last 2 away games,100%
D. Carlson,@ MIA,Over 1.5 XP Made,-115,Hit in 2 of his last 2 games,100%
G. Minshew,@ MIA,Under 0.5 Int,-105,Hit in 2 of his last 2 games,100%
J. Reed,@ CHI,Over 49.5 Rec Yds,-115,Hit in 2 of his last 2 games,100%
J. Reed,@ CHI,Over 49.5 Rec Yds,-115,Hit in 4 of his last 4 away games,100%
J. Elliott,VS WAS,Over 2.5 XP Made,-157,Hit in 3 of his last 4 games,75%
J. Love,@ CHI,Over 229.5 Pass Yds,-114,Hit in 2 of his last 2 games vs CHI,100%
A. St. Brown,VS JAX,Under 75.5 Rush + Rec Yds,-115,Hit in 3 of his last 3 games,100%
J. Williams,VS JAX,Over 42.5 Rec Yds,-115,Hit in 3 of his last 3 home games,100%
J. Goff,VS JAX,Over 1.5 Pass TD,-130,Hit in 2 of his last 2 home games,100%
J. Goff,VS JAX,Under 20.5 Pass Compl,-125,Hit in 3 of his last 3 games,100%
J. Elliott,VS WAS,Over 1.5 FG Made,-101,Hit in 2 of his last 3 games,67%
M. Jones,@ DET,Under 0.5 Pass TD,+145,Hit in 5 of his last 5 games,100%
C. Little,@ DET,Under 5.5 Kicking Points,-120,Hit in 2 of his last 2 games,100%
C. Little,@ DET,Under 1.5 FG Made,-160,Hit in 2 of his last 2 games,100%
C. Little,@ DET,Under 1.5 XP Made,-140,Hit in 2 of his last 2 games,100%
J. Johnson,VS CLE,Over 21.5 Rec Yds,-114,Hit in 3 of his last 3 games,100%
J. Elliott,VS WAS,Over 2.5 XP Made,-157,Hit in 3 of his last 4 games,75%
T. Hill,VS CLE,Over 16.5 Rec Yds,-114,Hit in 3 of his last 3 games,100%
D. Carr,VS CLE,Over 208.5 Pass Yds,-114,Hit in 2 of his last 2 games,100%
D. Carr,VS CLE,Under 18.5 Pass Compl,+112,Hit in 3 of his last 3 games,100%
D. Carr,VS CLE,Over 42.5 1Q Pass Yds,-114,Hit in 2 of his last 2 games,100%
D. Carr,VS CLE,Over 206.5 Pass + Rush Yds,-115,Hit in 2 of his last 2 games,100%
J. Elliott,VS WAS,Over 1.5 FG Made,-101,Hit in 2 of his last 3 games,67%
A. Kamara,VS CLE,Over 37.5 Rec Yds,-114,Hit in 3 of his last 3 games,100%
A. Kamara,VS CLE,Over 4.5 Receptions,-152,Hit in 7 of his last 7 games,100%
A. Kamara,VS CLE,Over 4.5 Receptions,-152,Hit in 3 of his last 3 home games,100%
A. Kamara,VS CLE,Over 17.5 1Q Rush Yds,-114,Hit in 3 of his last 3 games,100%
A. Kamara,VS CLE,Over 27.5 1Q Rush + Rec Yds,-113,Hit in 3 of his last 3 games,100%
J. Elliott,VS WAS,Over 2.5 XP Made,-157,Hit in 3 of his last 4 games,75%
A. Kamara,VS CLE,Over 5.5 1Q Rec Yds,-118,Hit in 2 of his last 2 games,100%
C. Tillman,@ NO,Over 59.5 Rush + Rec Yds,-110,Hit in 3 of his last 3 games,100%
D. Njoku,@ NO,Over 4.5 Receptions,-184,Hit in 4 of his last 4 games,100%
J. Jeudy,@ NO,Over 48.5 Rec Yds,-114,Hit in 2 of his last 2 games,100%
J. Jeudy,@ NO,Over 7.5 1Q Rec Yds,-114,Hit in 2 of his last 2 games,100%
J. Elliott,VS WAS,Over 1.5 FG Made,-101,Hit in 2 of his last 3 games,67%
J. Winston,@ NO,Over 21.5 Pass Compl,-128,Hit in 2 of his last 2 games,100%
J. Winston,@ NO,Over 34.5 Pass Att,-114,Hit in 2 of his last 2 games,100%
J. Winston,@ NO,Over 261.5 Pass + Rush Yds,-115,Hit in 2 of his last 2 games,100%
N. Chubb,@ NO,Over 60.5 Rush Yds,-114,Hit in 3 of his last 3 away games,100%
S. Darnold,@ TEN,Over 239.5 Pass Yds,-115,Hit in 4 of his last 4 games,100%
J. Elliott,VS WAS,Over 2.5 XP Made,-157,Hit in 3 of his last 4 games,75%
S. Darnold,@ TEN,Over 239.5 Pass Yds,-115,Hit in 3 of his last 3 away games,100%
A. Jones,@ TEN,Over 59.5 Rush Yds,-115,Hit in 2 of his last 2 games,100%
G. Pickens,VS BAL,Over 69.5 Rec Yds,-115,Hit in 3 of his last 3 games,100%
G. Pickens,VS BAL,Over 69.5 Rec Yds,-115,Hit in 2 of his last 2 home games,100%
R. Wilson,VS BAL,Under 11.5 Rush Yds,-115,Hit in 3 of his last 3 games,100%
J. Elliott,VS WAS,Over 1.5 FG Made,-101,Hit in 2 of his last 3 games,67%
R. Wilson,VS BAL,Over 223.5 Pass Yds,-114,Hit in 3 of his last 3 home games,100%
R. Wilson,VS BAL,Over 239.5 Pass + Rush Yds,-115,Hit in 3 of his last 3 home games,100%
A. Rodgers,VS IND,Under 243.5 Pass + Rush Yds,-115,Hit in 3 of his last 3 games,100%
G. Kittle,VS SEA,Over 0.5 Anytime TD,+130,Hit in 2 of his last 2 games,100%
G. Kittle,VS SEA,Over 0.5 Anytime TD,+130,Hit in 2 of his last 2 games vs SEA,100%
J. Elliott,VS WAS,Over 2.5 XP Made,-157,Hit in 3 of his last 4 games,75%
D. Samuel,VS SEA,Over 0.5 Anytime TD,+130,Hit in 4 of his last 4 games vs SEA,100%
B. Purdy,VS SEA,Over 1.5 Pass TD,-138,Hit in 2 of his last 2 games vs SEA,100%
B. Purdy,VS SEA,Over 0.5 Anytime TD,+285,Hit in 2 of his last 2 home games,100%
C. McCaffrey,VS SEA,Over 0.5 Anytime TD,-235,Hit in 3 of his last 3 home games,100%
K. Walker,@ SF,Over 0.5 Anytime TD,-105,Hit in 2 of his last 2 away games,100%
J. Elliott,VS WAS,Over 1.5 FG Made,-101,Hit in 2 of his last 3 games,67%
G. Smith,@ SF,Under 1.5 Pass TD,-140,Hit in 2 of his last 2 games vs SF,100%
C. Sutton,VS ATL,Over 4.5 Receptions,+105,Hit in 3 of his last 3 games,100%
B. Nix,VS ATL,Over 30.5 Pass Att,+100,Hit in 2 of his last 2 home games,100%
B. Nix,VS ATL,Over 1.5 Pass TD,+150,Hit in 3 of his last 3 home games,100%
D. Mooney,@ DEN,Over 4.5 Receptions,-125,Hit in 4 of his last 4 games,100%
J. Elliott,VS WAS,Over 2.5 XP Made,-157,Hit in 3 of his last 4 games,75%
D. Mooney,@ DEN,Over 4.5 Receptions,-125,Hit in 2 of his last 2 away games,100%
K. Cousins,@ DEN,Over 21.5 Pass Compl,-125,Hit in 2 of his last 2 away games,100%
G. Smith,@ SF,Over 0.5 Int,-145,Hit in 2 of his last 2 games,100%
G. Smith,@ SF,Over 0.5 Int,-145,Hit in 3 of his last 3 games vs SF,100%
W. Lutz,VS ATL,Under 1.5 FG Made,-120,Hit in 3 of his last 3 games,100%
J. Elliott,VS WAS,Over 1.5 FG Made,-101,Hit in 2 of his last 3 games,67%
W. Lutz,VS ATL,Under 6.5 Kicking Points,-105,Hit in 3 of his last 3 games,100%
W. Lutz,VS ATL,Under 2.5 XP Made,-210,Hit in 2 of his last 2 games,100%
Y. Koo,@ DEN,Under 6.5 Kicking Points,-105,Hit in 2 of his last 2 games,100%
Y. Koo,@ DEN,Under 1.5 FG Made,-120,Hit in 4 of his last 4 games,100%
B. Robinson,@ DEN,Over 0.5 Anytime TD,-140,Hit in 3 of his last 3 away games,100%
J. Elliott,VS WAS,Over 2.5 XP Made,-157,Hit in 3 of his last 4 games,75%
R. McCloud,@ DEN,Under 3.5 Receptions,-165,Hit in 5 of his last 5 games,100%
K. Walker,@ SF,Over 25.5 Rec Yds,-115,Hit in 2 of his last 2 games vs SF,100%
T. Allgeier,@ DEN,Over 29.5 Rush Yds,-115,Hit in 4 of his last 4 away games,100%
B. Robinson,@ DEN,Over 68.5 Rush Yds,-115,Hit in 2 of his last 2 games,100%
B. Robinson,@ DEN,Over 25.5 Rec Yds,-120,Hit in 4 of his last 4 games,100%
J. Elliott,VS WAS,Over 1.5 FG Made,-101,Hit in 2 of his last 3 games,67%
B. Robinson,@ DEN,Over 25.5 Rec Yds,-120,Hit in 2 of his last 2 away games,100%
G. Kittle,VS SEA,Over 54.5 Rec Yds,-115,Hit in 5 of his last 5 games,100%
G. Kittle,VS SEA,Over 54.5 Rec Yds,-115,Hit in 2 of his last 2 games vs SEA,100%
G. Kittle,VS SEA,Over 54.5 Rec Yds,-115,Hit in 3 of his last 3 home games,100%
D. Samuel,VS SEA,Over 54.5 Rec Yds,-115,Hit in 3 of his last 3 games,100%
J. Elliott,VS WAS,Over 2.5 XP Made,-157,Hit in 3 of his last 4 games,75%
D. Samuel,VS SEA,Over 54.5 Rec Yds,-115,Hit in 4 of his last 4 games vs SEA,100%
K. Walker,@ SF,Over 54.5 Rush Yds,-120,Hit in 3 of his last 3 away games,100%
D. Mooney,@ DEN,Over 55.5 Rec Yds,-115,Hit in 3 of his last 3 games,100%
D. Mooney,@ DEN,Over 55.5 Rec Yds,-115,Hit in 2 of his last 2 away games,100%
D. Mooney,@ DEN,Over 55.5 Rush + Rec Yds,-120,Hit in 3 of his last 3 games,100%
J. Elliott,VS WAS,Over 1.5 FG Made,-101,Hit in 2 of his last 3 games,67%
D. Mooney,@ DEN,Over 55.5 Rush + Rec Yds,-120,Hit in 2 of his last 2 away games,100%
K. Cousins,@ DEN,Over 240.5 Pass Yds,-115,Hit in 2 of his last 2 away games,100%
B. Robinson,@ DEN,Over 98.5 Rush + Rec Yds,-120,Hit in 5 of his last 5 games,100%
B. Robinson,@ DEN,Over 98.5 Rush + Rec Yds,-120,Hit in 5 of his last 5 away games,100%
B. Purdy,VS SEA,Over 18.5 Rush Yds,-115,Hit in 3 of his last 3 home games,100%
J. Elliott,VS WAS,Over 2.5 XP Made,-157,Hit in 3 of his last 4 games,75%
B. Purdy,VS SEA,Over 277.5 Pass + Rush Yds,-115,Hit in 2 of his last 2 games,100%
C. McCaffrey,VS SEA,Over 81.5 Rush Yds,-115,Hit in 4 of his last 4 games vs SEA,100%
C. McCaffrey,VS SEA,Over 81.5 Rush Yds,-115,Hit in 4 of his last 4 home games,100%
C. McCaffrey,VS SEA,Over 28.5 Rec Yds,-115,Hit in 4 of his last 4 games,100%
C. McCaffrey,VS SEA,Over 28.5 Rec Yds,-115,Hit in 2 of his last 2 home games,100%
J. Elliott,VS WAS,Over 1.5 FG Made,-101,Hit in 2 of his last 3 games,67%
C. McCaffrey,VS SEA,Over 114.5 Rush + Rec Yds,-115,Hit in 4 of his last 4 games vs SEA,100%
C. McCaffrey,VS SEA,Over 114.5 Rush + Rec Yds,-115,Hit in 4 of his last 4 home games,100%
J. Myers,@ SF,Under 6.5 Kicking Points,-135,Hit in 2 of his last 2 games,100%
J. Myers,@ SF,Under 6.5 Kicking Points,-135,Hit in 2 of his last 2 games vs SF,100%
J. Myers,@ SF,Under 1.5 FG Made,-145,Hit in 2 of his last 2 games,100%
J. Elliott,VS WAS,Over 2.5 XP Made,-157,Hit in 3 of his last 4 games,75%
J. Myers,@ SF,Under 1.5 FG Made,-145,Hit in 2 of his last 2 games vs SF,100%
J. Myers,@ SF,Over 1.5 XP Made,-190,Hit in 3 of his last 3 away games,100%
A. Estime,VS ATL,Under 54.5 Rush Yds,-115,Hit in 6 of his last 6 games,100%
C. Sutton,VS ATL,Over 53.5 Rec Yds,-115,Hit in 3 of his last 3 games,100%
C. Sutton,VS ATL,Over 53.5 Rush + Rec Yds,-115,Hit in 3 of his last 3 games,100%
J. Elliott,VS WAS,Over 1.5 FG Made,-101,Hit in 2 of his last 3 games,67%
B. Nix,VS ATL,Over 208.5 Pass Yds,-115,Hit in 3 of his last 3 games,100%
B. Nix,VS ATL,Over 208.5 Pass Yds,-115,Hit in 2 of his last 2 home games,100%
B. Nix,VS ATL,Over 240.5 Pass + Rush Yds,-115,Hit in 2 of his last 2 home games,100%
K. Cousins,@ DEN,Over 242.5 Pass + Rush Yds,-120,Hit in 2 of his last 2 away games,100%
J. Allen,VS KC,Over 0.5 Anytime TD,+140,Hit in 2 of his last 2 games vs KC,100%
J. Elliott,VS WAS,Over 2.5 XP Made,-157,Hit in 3 of his last 4 games,75%
J. Allen,VS KC,Over 1.5 Pass TD,+108,Hit in 4 of his last 4 home games,100%
R. Davis,VS KC,Over 0.5 Anytime TD,+500,Hit in 3 of his last 3 home games,100%
T. Bass,VS KC,Over 1.5 FG Made,-108,Hit in 2 of his last 2 games,100%
T. Bass,VS KC,Over 1.5 FG Made,-108,Hit in 4 of his last 4 home games,100%
T. Bass,VS KC,Over 7.5 Kicking Points,+108,Hit in 2 of his last 2 games,100%
J. Elliott,VS WAS,Over 1.5 FG Made,-101,Hit in 2 of his last 3 games,67%
T. Bass,VS KC,Over 7.5 Kicking Points,+108,Hit in 4 of his last 4 home games,100%
P. Mahomes,@ BUF,Over 0.5 Int,-142,Hit in 4 of his last 4 away games,100%
P. Mahomes,@ BUF,Over 240.5 Pass Yds,-114,Hit in 3 of his last 3 games,100%
H. Butker,@ BUF,Over 2.5 XP Made,+143,Hit in 2 of his last 2 away games,100%
X. Worthy,@ BUF,Under 30.5 Rush + Rec Yds,-119,Hit in 2 of his last 2 games,100%
J. Elliott,VS WAS,Over 2.5 XP Made,-157,Hit in 3 of his last 4 games,75%
K. Hunt,@ BUF,Over 0.5 Anytime TD,-115,Hit in 2 of his last 2 away games,100%
T. Kelce,@ BUF,Over 6.5 Receptions,-120,Hit in 3 of his last 3 games,100%
A. Cooper,VS KC,Over 0.5 Anytime TD,+170,Hit in 2 of his last 2 home games,100%
J. Allen,VS KC,Over 233.5 Pass Yds,-114,Hit in 4 of his last 4 games,100%
J. Allen,VS KC,Over 233.5 Pass Yds,-114,Hit in 3 of his last 3 home games,100%
J. Elliott,VS WAS,Over 1.5 FG Made,-101,Hit in 2 of his last 3 games,67%
J. Allen,VS KC,Over 59.5 1Q Pass + Rush Yds,-114,Hit in 3 of his last 3 games vs KC,100%
J. Allen,VS KC,Over 5.5 1Q Rush Yds,-114,Hit in 3 of his last 3 games vs KC,100%
J. Cook,VS KC,Over 14.5 1Q Rush Yds,-114,Hit in 2 of his last 2 games vs KC,100%
P. Mahomes,@ BUF,Over 48.5 1Q Pass Yds,-114,Hit in 2 of his last 2 away games,100%
P. Mahomes,@ BUF,Over 265.5 Pass + Rush Yds,-114,Hit in 3 of his last 3 games,100%
J. Elliott,VS WAS,Over 2.5 XP Made,-157,Hit in 3 of his last 4 games,75%
P. Mahomes,@ BUF,Over 54.5 1Q Pass + Rush Yds,-114,Hit in 2 of his last 2 away games,100%
P. Mahomes,@ BUF,Under 21.5 Rush Yds,-114,Hit in 3 of his last 3 games,100%
P. Mahomes,@ BUF,Under 21.5 Rush Yds,-114,Hit in 3 of his last 3 games vs BUF,100%
P. Mahomes,@ BUF,Over 1.5 1Q Rush Yds,-122,Hit in 2 of his last 2 games,100%
T. Kelce,@ BUF,Over 65.5 Rec Yds,-114,Hit in 3 of his last 3 games vs BUF,100%
J. Elliott,VS WAS,Over 1.5 FG Made,-101,Hit in 2 of his last 3 games,67%
T. Kelce,@ BUF,Over 12.5 1Q Rec Yds,-118,Hit in 3 of his last 3 games,100%
D. Hopkins,@ BUF,Over 51.5 Rec Yds,-114,Hit in 2 of his last 2 games,100%
J. Allen,VS KC,Over 32.5 Pass Att,-114,Hit in 4 of his last 4 games,100%
J. Allen,VS KC,Over 32.5 Pass Att,-114,Hit in 3 of his last 3 games vs KC,100%
J. Allen,VS KC,Over 32.5 Pass Att,-114,Hit in 2 of his last 2 home games,100%
J. Elliott,VS WAS,Over 2.5 XP Made,-157,Hit in 3 of his last 4 games,75%
J. Allen,VS KC,Over 50.5 1Q Pass Yds,-113,Hit in 3 of his last 3 games vs KC,100%
J. Allen,VS KC,Over 6.5 Rush Att,-175,Hit in 3 of his last 3 games vs KC,100%
P. Mahomes,@ BUF,Over 22.5 Pass Compl,-120,Hit in 3 of his last 3 games,100%
P. Mahomes,@ BUF,Over 3.5 Rush Att,-150,Hit in 6 of his last 6 away games,100%
X. Worthy,@ BUF,Under 25.5 Rec Yds,-115,Hit in 2 of his last 2 games,100%
J. Elliott,VS WAS,Over 1.5 FG Made,-101,Hit in 2 of his last 3 games,67%
N. Gray,@ BUF,Over 16.5 Rec Yds,-114,Hit in 3 of his last 3 away games,100%
J. Allen,VS KC,Over 20.5 Pass Compl,-128,Hit in 4 of his last 4 games,100%
J. Allen,VS KC,Over 20.5 Pass Compl,-128,Hit in 3 of his last 3 games vs KC,100%
J. Allen,VS KC,Over 20.5 Pass Compl,-128,Hit in 3 of his last 3 home games,100%
P. Mahomes,@ BUF,Over 33.5 Pass Att,-128,Hit in 3 of his last 3 games,100%
J. Elliott,VS WAS,Over 2.5 XP Made,-157,Hit in 3 of his last 4 games,75%
X. Worthy,@ BUF,Over 2.5 Receptions,+130,Hit in 3 of his last 3 away games,100%
N. Gray,@ BUF,Over 1.5 Receptions,-130,Hit in 2 of his last 2 games vs BUF,100%
N. Gray,@ BUF,Over 1.5 Receptions,-130,Hit in 3 of his last 3 away games,100%
D. Hopkins,@ BUF,Over 49.5 Rush + Rec Yds,-115,Hit in 2 of his last 2 games,100%
K. Hunt,@ BUF,Over 18.5 Rush Att,-108,Hit in 2 of his last 2 away games,100%
J. Elliott,VS WAS,Over 1.5 FG Made,-101,Hit in 2 of his last 3 games,67%
G. Edwards,VS CIN,Over 0.5 Anytime TD,+220,Hit in 2 of his last 2 games vs CIN,100%
J. Dobbins,VS CIN,Under 63.5 Rush Yds,-120,Hit in 2 of his last 2 games vs CIN,100%
Q. Johnston,VS CIN,Over 0.5 Anytime TD,+205,Hit in 2 of his last 2 games,100%
J. Burrow,@ LAC,Over 36.5 Pass Att,-120,Hit in 3 of his last 3 games,100%
J. Burrow,@ LAC,Over 24.5 Pass Compl,-135,Hit in 3 of his last 3 games,100%
J. Elliott,VS WAS,Over 2.5 XP Made,-157,Hit in 3 of his last 4 games,75%
J. Burrow,@ LAC,Over 1.5 Pass TD,-150,Hit in 2 of his last 2 games,100%
J. Burrow,@ LAC,Over 1.5 Pass TD,-150,Hit in 2 of his last 2 away games,100%
C. Brown,@ LAC,Over 27.5 Rec Yds,-115,Hit in 2 of his last 2 games,100%
C. Brown,@ LAC,Over 0.5 Anytime TD,-145,Hit in 3 of his last 3 games,100%
J. Chase,@ LAC,Over 0.5 Anytime TD,-110,Hit in 2 of his last 2 away games,100%
J. Elliott,VS WAS,Over 1.5 FG Made,-101,Hit in 2 of his last 3 games,67%
J. Herbert,VS CIN,Under 0.5 Int,-130,Hit in 7 of his last 7 games,100%
C. Dicker,VS CIN,Over 7.5 Kicking Points,-105,Hit in 2 of his last 2 home games,100%
C. Dicker,VS CIN,Over 1.5 FG Made,-135,Hit in 2 of his last 2 home games,100%
C. Dicker,VS CIN,Over 2.5 XP Made,+120,Hit in 2 of his last 2 games,100%
E. McPherson,@ LAC,Over 2.5 XP Made,+120,Hit in 2 of his last 2 games,100%
J. Elliott,VS WAS,Over 2.5 XP Made,-157,Hit in 3 of his last 4 games,75%
E. McPherson,@ LAC,Over 2.5 XP Made,+120,Hit in 2 of his last 2 away games,100%
J. Mixon,@ DAL,Over 0.5 Anytime TD,-220,Hit in 5 of his last 5 games,100%
J. Mixon,@ DAL,Over 0.5 Anytime TD,-220,Hit in 5 of his last 5 away games,100%
N. Collins,@ DAL,Over 0.5 Anytime TD,+110,Hit in 2 of his last 2 games,100%
B. Aubrey,VS HOU,Over 1.5 FG Made,-135,Hit in 2 of his last 2 games,100%
J. Elliott,VS WAS,Over 1.5 FG Made,-101,Hit in 2 of his last 3 games,67%
B. Aubrey,VS HOU,Over 1.5 FG Made,-135,Hit in 4 of his last 4 home games,100%
B. Aubrey,VS HOU,Under 1.5 XP Made,-135,Hit in 2 of his last 2 games,100%
C. Rush,VS HOU,Under 186.5 Pass Yds,-120,Hit in 16 of his last 16 games,100%
C. Rush,VS HOU,Under 0.5 Int,+125,Hit in 2 of his last 2 games,100%
C. Rush,VS HOU,Under 192.5 Pass + Rush Yds,-115,Hit in 16 of his last 16 games,100%
J. Elliott,VS WAS,Over 2.5 XP Made,-157,Hit in 3 of his last 4 games,75%
R. Dowdle,VS HOU,Over 48.5 Rush Yds,-115,Hit in 2 of his last 2 games,100%
J. Tolbert,VS HOU,Under 24.5 Rec Yds,-115,Hit in 2 of his last 2 games,100%
C. Lamb,VS HOU,Under 59.5 Rec Yds,-115,Hit in 2 of his last 2 games,100%
K. Fairbairn,@ DAL,Over 1.5 FG Made,-185,Hit in 6 of his last 6 games,100%
K. Fairbairn,@ DAL,Over 1.5 FG Made,-185,Hit in 3 of his last 3 away games,100%
J. Elliott,VS WAS,Over 1.5 FG Made,-101,Hit in 2 of his last 3 games,67%
K. Fairbairn,@ DAL,Under 2.5 XP Made,-135,Hit in 4 of his last 4 games,100%
J. Mixon,@ DAL,Over 86.5 Rush Yds,-120,Hit in 4 of his last 4 away games,100%
C. Stroud,@ DAL,Under 234.5 Pass Yds,-115,Hit in 2 of his last 2 games,100%
C. Stroud,@ DAL,Under 1.5 Pass TD,-125,Hit in 4 of his last 4 games,100%
N. Collins,@ DAL,Over 69.5 Rec Yds,-125,Hit in 5 of his last 5 games,100%
J. Elliott,VS WAS,Over 2.5 XP Made,-157,Hit in 3 of his last 4 games,75%
N. Collins,@ DAL,Over 69.5 Rec Yds,-125,Hit in 2 of his last 2 away games,100%
J. Winston,@ NO,Under 3.5 Rush Att,-110,Hit in 14 of his last 15 games,93%
J. Winston,@ NO,Under 12.5 Rush Yds,-115,Hit in 14 of his last 15 games,93%
J. Winston,@ NO,Under 49.5 1Q Pass Yds,-113,Hit in 14 of his last 15 games,93%
C. Brown,@ LAC,Under 98.5 Rush + Rec Yds,-115,Hit in 13 of his last 14 games,93%
J. Elliott,VS WAS,Over 1.5 FG Made,-101,Hit in 2 of his last 3 games,67%
C. Rush,VS HOU,Under 0.5 Pass TD,+140,Hit in 13 of his last 14 games,93%
T. Hockenson,@ TEN,Over 46.5 Rec Yds,-115,Hit in 12 of his last 13 games,92%
J. Winston,@ NO,Under 239.5 Pass Yds,-114,Hit in 11 of his last 12 games,92%
J. Waddle,VS LV,Over 44.5 Rush + Rec Yds,-115,Hit in 9 of his last 10 home games,90%
C. Brown,@ LAC,Under 65.5 Rush Yds,-115,Hit in 18 of his last 20 games,90%
J. Elliott,VS WAS,Over 2.5 XP Made,-157,Hit in 3 of his last 4 games,75%
N. Westbrook-Ikhine,VS MIN,Over 23.5 Rec Yds,-115,Hit in 8 of his last 9 home games,89%
J. Goff,VS JAX,Over 221.5 Pass Yds,-115,Hit in 16 of his last 18 home games,89%
J. Goff,VS JAX,Over 224.5 Pass + Rush Yds,-115,Hit in 16 of his last 18 home games,89%
J. Myers,@ SF,Over 1.5 XP Made,-190,Hit in 8 of his last 9 games,89%
D. Hopkins,@ NO,Under 1.5 XP Made,+155,Hit in 7 of his last 8 games,88%
J. Elliott,VS WAS,Over 1.5 FG Made,-101,Hit in 2 of his last 3 games,67%
J. Winston,@ NO,Under 1.5 Pass TD,-168,Hit in 7 of his last 8 games,88%
J. Winston,@ NO,Under 0.5 Int,+105,Hit in 7 of his last 8 games,88%
J. Jefferson,@ TEN,Over 79.5 Rec Yds,-115,Hit in 7 of his last 8 games,88%
T. Hill,VS LV,Under 72.5 Rush + Rec Yds,-115,Hit in 7 of his last 8 games,88%
A. Jones,@ TEN,Over 59.5 Rush Yds,-115,Hit in 7 of his last 8 away games,88%
J. Elliott,VS WAS,Over 2.5 XP Made,-157,Hit in 3 of his last 4 games,75%
T. Bass,VS KC,Over 2.5 XP Made,+100,Hit in 7 of his last 8 home games,88%
C. Rush,VS HOU,Under 2.5 Rush Yds,-120,Hit in 14 of his last 16 games,88%
S. Barkley,VS WAS,Over 13.5 Rec Yds,-115,Hit in 6 of his last 7 home games,86%
S. Barkley,VS WAS,Under 22.5 1Q Rush Yds,-113,Hit in 12 of his last 14 games,86%
J. Love,@ CHI,Over 1.5 Pass TD,-113,Hit in 6 of his last 7 away games,86%
J. Elliott,VS WAS,Over 1.5 FG Made,-101,Hit in 2 of his last 3 games,67%
T. Tagovailoa,VS LV,Under 1.5 Pass TD,-115,Hit in 6 of his last 7 games,86%
J. Goff,VS JAX,Under 28.5 Pass Att,-105,Hit in 6 of his last 7 games,86%
J. Goff,VS JAX,Over 1.5 Pass TD,-130,Hit in 6 of his last 7 games,86%
J. Love,@ CHI,Over 1.5 Pass TD,-113,Hit in 11 of his last 13 games,85%
N. Folk,VS MIN,Under 5.5 Kicking Points,-106,Hit in 11 of his last 13 games,85%
J. Elliott,VS WAS,Over 2.5 XP Made,-157,Hit in 3 of his last 4 games,75%
N. Folk,VS MIN,Under 1.5 FG Made,-148,Hit in 11 of his last 13 games,85%
J. Sanders,VS LV,Under 2.5 XP Made,-115,Hit in 11 of his last 13 games,85%
B. Aubrey,VS HOU,Over 6.5 Kicking Points,-115,Hit in 11 of his last 13 home games,85%
J. Waddle,VS LV,Over 43.5 Rec Yds,-115,Hit in 16 of his last 19 home games,84%
J. Hurts,VS WAS,Under 0.5 Int,-179,Hit in 5 of his last 6 games,83%
J. Elliott,VS WAS,Over 1.5 FG Made,-101,Hit in 2 of his last 3 games,67%
A. Brown,VS WAS,Over 80.5 Rush + Rec Yds,-119,Hit in 5 of his last 6 games,83%
A. Brown,VS WAS,Over 80.5 Rec Yds,-113,Hit in 5 of his last 6 games,83%
J. Slye,VS LA,Under 1.5 FG Made,-145,Hit in 5 of his last 6 games,83%
T. Tagovailoa,VS LV,Over 20.5 Pass Compl,-120,Hit in 10 of his last 12 home games,83%
W. Levis,VS MIN,Over 0.5 Int,-145,Hit in 5 of his last 6 games,83%
J. Elliott,VS WAS,Over 2.5 XP Made,-157,Hit in 3 of his last 4 games,75%
J. Slye,VS LA,Under 5.5 Kicking Points,+105,Hit in 5 of his last 6 games,83%
G. Minshew,@ MIA,Under 20.5 Pass Compl,-135,Hit in 5 of his last 6 games,83%
B. Grupe,VS CLE,Over 1.5 FG Made,-135,Hit in 5 of his last 6 home games,83%
D. Carr,VS CLE,Over 1.5 Pass TD,+195,Hit in 5 of his last 6 home games,83%
J. Taylor,@ NYJ,Over 86.5 Rush Yds,-110,Hit in 5 of his last 6 games,83%
J. Elliott,VS WAS,Over 1.5 FG Made,-101,Hit in 2 of his last 3 games,67%
J. Taylor,@ NYJ,Over 101.5 Rush + Rec Yds,-110,Hit in 5 of his last 6 games,83%
J. Taylor,@ NYJ,Over 10.5 Rec Yds,-115,Hit in 5 of his last 6 games,83%
K. Boutte,VS LA,Over 31.5 Rec Yds,-114,Hit in 5 of his last 6 games,83%
J. Goff,VS JAX,Under 0.5 Int,-175,Hit in 5 of his last 6 games,83%
J. Johnson,VS CLE,Over 21.5 Rec Yds,-114,Hit in 5 of his last 6 home games,83%
J. Elliott,VS WAS,Over 2.5 XP Made,-157,Hit in 3 of his last 4 games,75%
A. Kamara,VS CLE,Under 74.5 Rush Yds,-114,Hit in 5 of his last 6 games,83%
A. Kamara,VS CLE,Under 17.5 Rush Att,-114,Hit in 5 of his last 6 games,83%
D. Hopkins,@ BUF,Under 4.5 Receptions,-128,Hit in 5 of his last 6 games,83%
N. Gray,@ BUF,Over 16.5 Rec Yds,-114,Hit in 5 of his last 6 games,83%
N. Gray,@ BUF,Over 1.5 Receptions,-130,Hit in 5 of his last 6 games,83%
J. Elliott,VS WAS,Over 1.5 FG Made,-101,Hit in 2 of his last 3 games,67%
E. McPherson,@ LAC,Under 6.5 Kicking Points,-105,Hit in 5 of his last 6 games,83%
E. McPherson,@ LAC,Under 1.5 FG Made,-130,Hit in 5 of his last 6 games,83%
K. Fairbairn,@ DAL,Over 8.5 Kicking Points,+100,Hit in 5 of his last 6 games,83%
C. Kmet,VS GB,Over 24.5 Rec Yds,-115,Hit in 14 of his last 17 home games,82%
D. Carr,VS CLE,Over 206.5 Pass + Rush Yds,-115,Hit in 14 of his last 17 home games,82%
J. Elliott,VS WAS,Over 2.5 XP Made,-157,Hit in 3 of his last 4 games,75%
E. Moore,@ NO,Under 4.5 1Q Rec Yds,-114,Hit in 14 of his last 17 games,82%
N. Brown,@ PHI,Under 3.5 Receptions,-152,Hit in 9 of his last 11 games,82%
C. Santos,VS GB,Over 5.5 Kicking Points,-115,Hit in 9 of his last 11 home games,82%
C. Tillman,@ NO,Under 9.5 1Q Rec Yds,-120,Hit in 9 of his last 11 games,82%
R. Dowdle,VS HOU,Under 69.5 Rush + Rec Yds,-115,Hit in 13 of his last 16 games,81%
J. Elliott,VS WAS,Over 1.5 FG Made,-101,Hit in 2 of his last 3 games,67%
B. Robinson,@ PHI,Over 0.5 Anytime TD,+105,Hit in 4 of his last 5 games,80%
T. McLaurin,@ PHI,Over 4.5 Receptions,-120,Hit in 4 of his last 5 games,80%
Z. Ertz,@ PHI,Over 3.5 Receptions,-122,Hit in 4 of his last 5 games,80%
K. Gainwell,VS WAS,Over 13.5 Rush Yds,-120,Hit in 4 of his last 5 games,80%
G. Calcaterra,VS WAS,Over 6.5 Rec Yds,-110,Hit in 8 of his last 10 games,80%
J. Elliott,VS WAS,Over 2.5 XP Made,-157,Hit in 3 of his last 4 games,75%
J. Daniels,@ PHI,Over 7.5 Rush Att,-145,Hit in 4 of his last 5 away games,80%
B. Robinson,@ PHI,Over 5.5 Rec Yds,-120,Hit in 4 of his last 5 away games,80%
D. Montgomery,VS JAX,Over 0.5 Anytime TD,-250,Hit in 12 of his last 15 games,80%
N. Westbrook-Ikhine,VS MIN,Over 0.5 Anytime TD,+500,Hit in 4 of his last 5 games,80%
M. Andrews,@ PIT,Over 0.5 Anytime TD,+155,Hit in 4 of his last 5 games,80%
J. Elliott,VS WAS,Over 1.5 FG Made,-101,Hit in 2 of his last 3 games,67%
D. Achane,VS LV,Over 0.5 Anytime TD,-185,Hit in 4 of his last 5 home games,80%
R. Wilson,VS BAL,Under 0.5 Int,-120,Hit in 4 of his last 5 games,80%
H. Henry,VS LA,Over 36.5 Rec Yds,-115,Hit in 4 of his last 5 games,80%
G. Minshew,@ MIA,Under 202.5 Pass Yds,-115,Hit in 4 of his last 5 games,80%
R. Mostert,VS LV,Over 0.5 Anytime TD,+230,Hit in 8 of his last 10 home games,80%
J. Elliott,VS WAS,Over 2.5 XP Made,-157,Hit in 3 of his last 4 games,75%
B. Bowers,@ MIA,Over 52.5 Rec Yds,-120,Hit in 4 of his last 5 games,80%
B. Bowers,@ MIA,Over 52.5 Rec Yds,-120,Hit in 4 of his last 5 away games,80%
R. Doubs,@ CHI,Over 45.5 Rec Yds,-110,Hit in 4 of his last 5 away games,80%
J. Goff,VS JAX,Over 0.5 Rush Yds,-110,Hit in 4 of his last 5 home games,80%
D. Carr,VS CLE,Over 42.5 1Q Pass Yds,-114,Hit in 4 of his last 5 home games,80%
J. Elliott,VS WAS,Over 1.5 FG Made,-101,Hit in 2 of his last 3 games,67%
N. Chubb,@ NO,Over 65.5 Rush + Rec Yds,-120,Hit in 8 of his last 10 away games,80%
W. Levis,VS MIN,Over 203.5 Pass + Rush Yds,-115,Hit in 4 of his last 5 home games,80%
C. McCaffrey,VS SEA,Over 0.5 Anytime TD,-235,Hit in 16 of his last 20 games,80%
G. Smith,@ SF,Under 253.5 Pass Yds,-114,Hit in 4 of his last 5 games vs SF,80%
B. Robinson,@ DEN,Over 0.5 Anytime TD,-140,Hit in 4 of his last 5 games,80%
J. Elliott,VS WAS,Over 2.5 XP Made,-157,Hit in 3 of his last 4 games,75%
B. Purdy,VS SEA,Under 262.5 Pass Yds,-114,Hit in 4 of his last 5 games,80%
T. Allgeier,@ DEN,Over 29.5 Rush Yds,-115,Hit in 4 of his last 5 games,80%
B. Purdy,VS SEA,Over 18.5 Rush Yds,-115,Hit in 4 of his last 5 games,80%
C. McCaffrey,VS SEA,Over 114.5 Rush + Rec Yds,-115,Hit in 8 of his last 10 games,80%
J. Allen,VS KC,Over 1.5 Pass TD,+108,Hit in 4 of his last 5 games,80%
J. Elliott,VS WAS,Over 1.5 FG Made,-101,Hit in 2 of his last 3 games,67%
J. Allen,VS KC,Under 33.5 Rush Yds,-114,Hit in 4 of his last 5 games,80%
J. Cook,VS KC,Over 0.5 Anytime TD,+100,Hit in 4 of his last 5 games,80%
P. Mahomes,@ BUF,Over 0.5 Int,-142,Hit in 8 of his last 10 games,80%
K. Hunt,@ BUF,Over 0.5 Anytime TD,-115,Hit in 4 of his last 5 games,80%
P. Mahomes,@ BUF,Over 48.5 1Q Pass Yds,-114,Hit in 4 of his last 5 games,80%
J. Elliott,VS WAS,Over 2.5 XP Made,-157,Hit in 3 of his last 4 games,75%
P. Mahomes,@ BUF,Over 54.5 1Q Pass + Rush Yds,-114,Hit in 4 of his last 5 games,80%
K. Hunt,@ BUF,Over 18.5 Rush Att,-108,Hit in 4 of his last 5 games,80%
J. Chase,@ LAC,Under 79.5 Rec Yds,-115,Hit in 4 of his last 5 games,80%
J. Burrow,@ LAC,Under 266.5 Pass Yds,-115,Hit in 4 of his last 5 games,80%
C. Dicker,VS CIN,Over 7.5 Kicking Points,-105,Hit in 4 of his last 5 games,80%
J. Elliott,VS WAS,Over 1.5 FG Made,-101,Hit in 2 of his last 3 games,67%
C. Dicker,VS CIN,Over 1.5 FG Made,-135,Hit in 4 of his last 5 games,80%
J. Herbert,VS CIN,Over 230.5 Pass Yds,-115,Hit in 4 of his last 5 games,80%
J. Burrow,@ LAC,Under 278.5 Pass + Rush Yds,-115,Hit in 4 of his last 5 games,80%
J. Mixon,@ DAL,Over 86.5 Rush Yds,-120,Hit in 4 of his last 5 games,80%
B. Aubrey,VS HOU,Over 6.5 Kicking Points,-115,Hit in 15 of his last 19 games,79%
J. Elliott,VS WAS,Over 2.5 XP Made,-157,Hit in 3 of his last 4 games,75%
D. Smith,VS WAS,Over 52.5 Rush + Rec Yds,-117,Hit in 7 of his last 9 games,78%
S. Barkley,VS WAS,Over 110.5 Rush + Rec Yds,-114,Hit in 7 of his last 9 games,78%
D. Smith,VS WAS,Over 52.5 Rec Yds,-113,Hit in 7 of his last 9 games,78%
D. Henry,@ PIT,Over 95.5 Rush + Rec Yds,-115,Hit in 7 of his last 9 games,78%
K. Williams,@ NE,Over 0.5 Anytime TD,-220,Hit in 7 of his last 9 games,78%
J. Elliott,VS WAS,Over 1.5 FG Made,-101,Hit in 2 of his last 3 games,67%
C. Okonkwo,VS MIN,Under 19.5 Rec Yds,-110,Hit in 7 of his last 9 games,78%
M. Stafford,@ NE,Under 1.5 Pass TD,-152,Hit in 7 of his last 9 games,78%
A. Richardson,@ NYJ,Under 27.5 Pass Att,-110,Hit in 7 of his last 9 games,78%
N. Chubb,@ NO,Over 6.5 Rec Yds,-115,Hit in 7 of his last 9 away games,78%
G. Smith,@ SF,Under 1.5 Pass TD,-140,Hit in 7 of his last 9 games,78%
J. Elliott,VS WAS,Over 2.5 XP Made,-157,Hit in 3 of his last 4 games,75%
D. London,@ DEN,Over 5.5 Receptions,+100,Hit in 7 of his last 9 games,78%
J. Gibbs,VS JAX,Over 0.5 Anytime TD,-140,Hit in 10 of his last 13 games,77%
J. Taylor,@ NYJ,Over 0.5 Anytime TD,-135,Hit in 10 of his last 13 games,77%
A. St. Brown,VS JAX,Over 75.5 Rec Yds,-115,Hit in 10 of his last 13 home games,77%
H. Butker,@ BUF,Over 6.5 Kicking Points,-131,Hit in 10 of his last 13 away games,77%
J. Elliott,VS WAS,Over 1.5 FG Made,-101,Hit in 2 of his last 3 games,67%
J. Hurts,VS WAS,Over 48.5 1Q Pass Yds,-113,Hit in 13 of his last 17 home games,76%
J. Elliott,VS WAS,Over 1.5 FG Made,-101,Hit in 3 of his last 4 home games,75%
J. Elliott,VS WAS,Over 2.5 XP Made,-157,Hit in 3 of his last 4 games,75%
J. Elliott,VS WAS,Over 2.5 XP Made,-157,Hit in 3 of his last 4 games vs WAS,75%
D. Smith,VS WAS,Over 0.5 Anytime TD,+230,Hit in 3 of his last 4 games vs WAS,75%
J. Elliott,VS WAS,Over 2.5 XP Made,-157,Hit in 3 of his last 4 games,75%
S. Barkley,VS WAS,Over 18.5 Rush Att,-114,Hit in 3 of his last 4 home games,75%
S. Barkley,VS WAS,Over 92.5 Rush Yds,-113,Hit in 3 of his last 4 games,75%
S. Barkley,VS WAS,Over 92.5 Rush Yds,-113,Hit in 3 of his last 4 home games,75%
S. Barkley,VS WAS,Over 110.5 Rush + Rec Yds,-114,Hit in 3 of his last 4 home games,75%
T. McLaurin,@ PHI,Over 63.5 Rush + Rec Yds,-117,Hit in 3 of his last 4 games,75%
J. Elliott,VS WAS,Over 1.5 FG Made,-101,Hit in 2 of his last 3 games,67%
T. McLaurin,@ PHI,Over 63.5 Rush + Rec Yds,-117,Hit in 3 of his last 4 games vs PHI,75%
J. Daniels,@ PHI,Under 1.5 Pass TD,-178,Hit in 3 of his last 4 games,75%
D. Goedert,VS WAS,Under 3.5 Receptions,-140,Hit in 3 of his last 4 games vs WAS,75%
T. McLaurin,@ PHI,Over 60.5 Rec Yds,-113,Hit in 3 of his last 4 games,75%
D. Goedert,VS WAS,Under 33.5 Rec Yds,-113,Hit in 3 of his last 4 games vs WAS,75%
J. Elliott,VS WAS,Over 2.5 XP Made,-157,Hit in 3 of his last 4 games,75%
D. Smith,VS WAS,Under 8.5 1Q Rec Yds,-111,Hit in 3 of his last 4 games,75%
J. Hurts,VS WAS,Over 48.5 1Q Pass Yds,-113,Hit in 3 of his last 4 games vs WAS,75%
S. Barkley,VS WAS,Under 22.5 1Q Rush Yds,-113,Hit in 3 of his last 4 games vs WAS,75%
K. Gainwell,VS WAS,Under 21.5 Rush + Rec Yds,-120,Hit in 3 of his last 4 games vs WAS,75%
D. Swift,VS GB,Over 0.5 Anytime TD,+105,Hit in 3 of his last 4 home games,75%
J. Elliott,VS WAS,Over 1.5 FG Made,-101,Hit in 2 of his last 3 games,67%
S. Darnold,@ TEN,Over 1.5 Pass TD,-105,Hit in 3 of his last 4 away games,75%
N. Harris,VS BAL,Over 0.5 Anytime TD,+105,Hit in 3 of his last 4 games,75%
N. Harris,VS BAL,Over 0.5 Anytime TD,+105,Hit in 3 of his last 4 games vs BAL,75%
R. Bateman,@ PIT,Over 0.5 Anytime TD,+330,Hit in 3 of his last 4 away games,75%
D. Adams,VS IND,Over 0.5 Anytime TD,+110,Hit in 3 of his last 4 home games,75%
J. Elliott,VS WAS,Over 2.5 XP Made,-157,Hit in 3 of his last 4 games,75%
D. Achane,VS LV,Over 35.5 Rec Yds,-115,Hit in 3 of his last 4 home games,75%
P. Freiermuth,VS BAL,Over 2.5 Receptions,-125,Hit in 12 of his last 16 games,75%
C. Boswell,VS BAL,Over 1.5 FG Made,-120,Hit in 3 of his last 4 games,75%
C. Boswell,VS BAL,Under 2.5 XP Made,-225,Hit in 15 of his last 20 games,75%
C. Boswell,VS BAL,Over 6.5 Kicking Points,-135,Hit in 3 of his last 4 games,75%
J. Elliott,VS WAS,Over 1.5 FG Made,-101,Hit in 2 of his last 3 games,67%
D. Henry,@ PIT,Over 95.5 Rush + Rec Yds,-115,Hit in 3 of his last 4 away games,75%
R. Bateman,@ PIT,Over 2.5 Receptions,-125,Hit in 3 of his last 4 away games,75%
K. Williams,@ NE,Over 0.5 Anytime TD,-220,Hit in 3 of his last 4 away games,75%
T. Tagovailoa,VS LV,Over 20.5 Pass Compl,-120,Hit in 15 of his last 20 games,75%
J. Reed,@ CHI,Under 4.5 Receptions,-125,Hit in 9 of his last 12 games,75%
J. Elliott,VS WAS,Over 2.5 XP Made,-157,Hit in 3 of his last 4 games,75%
T. Kraft,@ CHI,Under 3.5 Receptions,-125,Hit in 9 of his last 12 games,75%
J. Bates,VS JAX,Under 1.5 FG Made,+125,Hit in 3 of his last 4 games,75%
W. Levis,VS MIN,Over 13.5 Rush Yds,-115,Hit in 3 of his last 4 home games,75%
W. Levis,VS MIN,Under 3.5 Rush Att,-115,Hit in 3 of his last 4 games,75%
S. Darnold,@ TEN,Over 0.5 Int,-115,Hit in 3 of his last 4 away games,75%
J. Elliott,VS WAS,Over 1.5 FG Made,-101,Hit in 2 of his last 3 games,67%
R. Stevenson,VS LA,Under 76.5 Rush + Rec Yds,-115,Hit in 3 of his last 4 games,75%
H. Henry,VS LA,Over 3.5 Receptions,-120,Hit in 3 of his last 4 games,75%
K. Williams,@ NE,Over 2.5 Receptions,+112,Hit in 3 of his last 4 away games,75%
M. Stafford,@ NE,Over 22.5 Pass Compl,-110,Hit in 6 of his last 8 away games,75%
D. Carr,VS CLE,Under 29.5 Pass Att,-128,Hit in 6 of his last 8 games,75%
J. Elliott,VS WAS,Over 2.5 XP Made,-157,Hit in 3 of his last 4 games,75%
D. Carr,VS CLE,Over 1.5 Pass TD,+195,Hit in 9 of his last 12 games,75%
D. Carr,VS CLE,Over 0.5 Rush Yds,-120,Hit in 6 of his last 8 games,75%
D. Washington,VS BAL,Over 8.5 Rec Yds,-110,Hit in 3 of his last 4 games,75%
R. Wilson,VS BAL,Over 1.5 Pass TD,+108,Hit in 3 of his last 4 games,75%
C. Austin,VS BAL,Over 21.5 Rec Yds,-115,Hit in 3 of his last 4 games,75%
J. Elliott,VS WAS,Over 1.5 FG Made,-101,Hit in 2 of his last 3 games,67%
D. Henry,@ PIT,Under 18.5 Rush Att,-114,Hit in 3 of his last 4 games,75%
L. Jackson,@ PIT,Over 43.5 Rush Yds,-115,Hit in 12 of his last 16 games,75%
A. Rodgers,VS IND,Over 34.5 Pass Att,-125,Hit in 6 of his last 8 games,75%
A. Rodgers,VS IND,Over 34.5 Pass Att,-125,Hit in 3 of his last 4 home games,75%
M. Gay,@ NYJ,Over 1.5 XP Made,-155,Hit in 6 of his last 8 games,75%
J. Elliott,VS WAS,Over 2.5 XP Made,-157,Hit in 3 of his last 4 games,75%
M. Gay,@ NYJ,Over 1.5 XP Made,-155,Hit in 3 of his last 4 away games,75%
A. Richardson,@ NYJ,Under 0.5 Pass TD,+155,Hit in 3 of his last 4 games,75%
R. Stevenson,VS LA,Under 14.5 Rec Yds,-114,Hit in 9 of his last 12 games,75%
R. Stevenson,VS LA,Under 54.5 Rush Yds,-114,Hit in 3 of his last 4 games,75%
T. Hill,VS LV,Over 67.5 Rec Yds,-115,Hit in 9 of his last 12 home games,75%
J. Elliott,VS WAS,Over 1.5 FG Made,-101,Hit in 2 of his last 3 games,67%
J. Waddle,VS LV,Over 44.5 Rush + Rec Yds,-115,Hit in 15 of his last 20 games,75%
D. Achane,VS LV,Over 62.5 Rush Yds,-120,Hit in 3 of his last 4 games,75%
R. Doubs,@ CHI,Over 45.5 Rec Yds,-110,Hit in 3 of his last 4 games,75%
J. Williams,VS JAX,Over 42.5 Rec Yds,-115,Hit in 3 of his last 4 games,75%
J. Goff,VS JAX,Over 1.5 Rush Att,-175,Hit in 6 of his last 8 games,75%
J. Elliott,VS WAS,Over 2.5 XP Made,-157,Hit in 3 of his last 4 games,75%
J. Goff,VS JAX,Over 221.5 Pass Yds,-115,Hit in 12 of his last 16 games,75%
J. Goff,VS JAX,Over 224.5 Pass + Rush Yds,-115,Hit in 12 of his last 16 games,75%
E. Engram,@ DET,Under 42.5 Rec Yds,-110,Hit in 3 of his last 4 games,75%
E. Engram,@ DET,Under 5.5 Receptions,-130,Hit in 3 of his last 4 games,75%
D. Njoku,@ NO,Over 4.5 Receptions,-184,Hit in 3 of his last 4 away games,75%
J. Elliott,VS WAS,Over 1.5 FG Made,-101,Hit in 2 of his last 3 games,67%
N. Chubb,@ NO,Under 15.5 Rush Att,-132,Hit in 3 of his last 4 games,75%
N. Chubb,@ NO,Over 65.5 Rush + Rec Yds,-120,Hit in 15 of his last 20 games,75%
R. Wilson,VS BAL,Over 223.5 Pass Yds,-114,Hit in 3 of his last 4 games,75%
R. Wilson,VS BAL,Over 239.5 Pass + Rush Yds,-115,Hit in 3 of his last 4 games,75%
D. Henry,@ PIT,Over 87.5 Rush Yds,-114,Hit in 6 of his last 8 games,75%
J. Elliott,VS WAS,Over 2.5 XP Made,-157,Hit in 3 of his last 4 games,75%
D. Henry,@ PIT,Over 87.5 Rush Yds,-114,Hit in 3 of his last 4 away games,75%
G. Kittle,VS SEA,Over 0.5 Anytime TD,+130,Hit in 3 of his last 4 home games,75%
C. McCaffrey,VS SEA,Over 0.5 Anytime TD,-235,Hit in 3 of his last 4 games vs SEA,75%
D. Metcalf,@ SF,Over 0.5 Anytime TD,+180,Hit in 6 of his last 8 away games,75%
D. London,@ DEN,Over 5.5 Receptions,+100,Hit in 3 of his last 4 away games,75%
J. Elliott,VS WAS,Over 1.5 FG Made,-101,Hit in 2 of his last 3 games,67%
K. Cousins,@ DEN,Over 21.5 Pass Compl,-125,Hit in 3 of his last 4 games,75%
B. Purdy,VS SEA,Over 0.5 Int,+100,Hit in 3 of his last 4 home games,75%
B. Nix,VS ATL,Under 0.5 Int,-120,Hit in 6 of his last 8 games,75%
B. Robinson,@ DEN,Over 68.5 Rush Yds,-115,Hit in 3 of his last 4 away games,75%
D. London,@ DEN,Over 60.5 Rec Yds,-115,Hit in 6 of his last 8 games,75%
J. Elliott,VS WAS,Over 2.5 XP Made,-157,Hit in 3 of his last 4 games,75%
D. London,@ DEN,Over 60.5 Rush + Rec Yds,-120,Hit in 6 of his last 8 games,75%
G. Smith,@ SF,Over 267.5 Pass + Rush Yds,-115,Hit in 6 of his last 8 games,75%
R. McCloud,@ DEN,Under 29.5 Rec Yds,-115,Hit in 3 of his last 4 games,75%
J. Allen,VS KC,Under 0.5 Int,-119,Hit in 9 of his last 12 games,75%
T. Bass,VS KC,Over 2.5 XP Made,+100,Hit in 12 of his last 16 games,75%
J. Elliott,VS WAS,Over 1.5 FG Made,-101,Hit in 2 of his last 3 games,67%
H. Butker,@ BUF,Over 2.5 XP Made,+143,Hit in 3 of his last 4 games,75%
P. Mahomes,@ BUF,Over 3.5 Rush Att,-150,Hit in 9 of his last 12 games,75%
J. Allen,VS KC,Over 271.5 Pass + Rush Yds,-114,Hit in 3 of his last 4 games,75%
L. McConkey,VS CIN,Over 0.5 Anytime TD,+185,Hit in 3 of his last 4 home games,75%
J. Dobbins,VS CIN,Under 63.5 Rush Yds,-120,Hit in 3 of his last 4 games,75%
J. Elliott,VS WAS,Over 2.5 XP Made,-157,Hit in 3 of his last 4 games,75%
J. Herbert,VS CIN,Under 1.5 Pass TD,-145,Hit in 9 of his last 12 games,75%
C. Brown,@ LAC,Over 0.5 Anytime TD,-145,Hit in 3 of his last 4 away games,75%
J. Chase,@ LAC,Over 0.5 Anytime TD,-110,Hit in 6 of his last 8 games,75%
R. Dowdle,VS HOU,Over 16.5 Rec Yds,-115,Hit in 3 of his last 4 games,75%
R. Dowdle,VS HOU,Over 16.5 Rec Yds,-115,Hit in 3 of his last 4 home games,75%
J. Elliott,VS WAS,Over 1.5 FG Made,-101,Hit in 2 of his last 3 games,67%
J. Ferguson,VS HOU,Under 36.5 Rec Yds,-115,Hit in 3 of his last 4 games,75%
T. Dell,@ DAL,Under 50.5 Rec Yds,-120,Hit in 3 of his last 4 games,75%
J. Hurts,VS WAS,Over 0.5 Anytime TD,-110,Hit in 11 of his last 15 home games,73%
Z. Ertz,@ PHI,Under 4.5 1Q Rec Yds,-118,Hit in 11 of his last 15 games,73%
P. Nacua,@ NE,Under 5.5 Receptions,+106,Hit in 11 of his last 15 games,73%
J. Elliott,VS WAS,Over 2.5 XP Made,-157,Hit in 3 of his last 4 games,75%
M. Jones,@ DET,Over 0.5 Int,-150,Hit in 11 of his last 15 games,73%
D. Carr,VS CLE,Over 208.5 Pass Yds,-114,Hit in 11 of his last 15 home games,73%
H. Butker,@ BUF,Over 6.5 Kicking Points,-131,Hit in 11 of his last 15 games,73%
H. Butker,@ BUF,Over 1.5 FG Made,-119,Hit in 11 of his last 15 games,73%
T. Tagovailoa,VS LV,Over 29.5 Pass Att,-115,Hit in 8 of his last 11 home games,73%
J. Elliott,VS WAS,Over 1.5 FG Made,-101,Hit in 2 of his last 3 games,67%
Z. Flowers,@ PIT,Over 4.5 Receptions,-148,Hit in 8 of his last 11 away games,73%
B. McManus,@ CHI,Under 2.5 XP Made,-148,Hit in 5 of his last 7 games,71%
M. Stafford,@ NE,Over 33.5 Pass Att,-105,Hit in 5 of his last 7 away games,71%
G. Minshew,@ MIA,Over 0.5 Pass TD,-245,Hit in 10 of his last 14 away games,71%
C. Kmet,VS GB,Over 24.5 Rec Yds,-115,Hit in 5 of his last 7 games,71%
J. Elliott,VS WAS,Over 2.5 XP Made,-157,Hit in 3 of his last 4 games,75%
B. Hall,VS IND,Over 28.5 Rec Yds,-115,Hit in 5 of his last 7 home games,71%
M. Stafford,@ NE,Over 241.5 Pass Yds,-114,Hit in 5 of his last 7 away games,71%
M. Stafford,@ NE,Over 247.5 Pass + Rush Yds,-115,Hit in 5 of his last 7 away games,71%
E. Moore,@ NO,Under 3.5 Receptions,-108,Hit in 10 of his last 14 games,71%
E. Moore,@ NO,Under 36.5 Rush + Rec Yds,-110,Hit in 5 of his last 7 games,71%
J. Elliott,VS WAS,Over 1.5 FG Made,-101,Hit in 2 of his last 3 games,67%
T. Allgeier,@ DEN,Over 0.5 Rec Yds,-115,Hit in 5 of his last 7 away games,71%
C. Santos,VS GB,Over 5.5 Kicking Points,-115,Hit in 12 of his last 17 games,71%
J. Daniels,@ PHI,Under 30.5 Pass Att,-120,Hit in 7 of his last 10 games,70%
J. Daniels,@ PHI,Over 7.5 Rush Att,-145,Hit in 7 of his last 10 games,70%
K. Gainwell,VS WAS,Under 21.5 Rush + Rec Yds,-120,Hit in 7 of his last 10 games,70%
J. Elliott,VS WAS,Over 2.5 XP Made,-157,Hit in 3 of his last 4 games,75%
T. Tagovailoa,VS LV,Over 29.5 Pass Att,-115,Hit in 14 of his last 20 games,70%
A. St. Brown,VS JAX,Over 6.5 Receptions,-125,Hit in 7 of his last 10 home games,70%
N. Chubb,@ NO,Over 60.5 Rush Yds,-114,Hit in 14 of his last 20 games,70%
C. McCaffrey,VS SEA,Over 81.5 Rush Yds,-115,Hit in 7 of his last 10 games,70%
D. Hopkins,@ BUF,Over 8.5 1Q Rec Yds,-110,Hit in 7 of his last 10 away games,70%
J. Elliott,VS WAS,Over 1.5 FG Made,-101,Hit in 2 of his last 3 games,67%
J. Goff,VS JAX,Over 1.5 Rush Att,-175,Hit in 9 of his last 13 home games,69%
H. Butker,@ BUF,Over 1.5 FG Made,-119,Hit in 9 of his last 13 away games,69%
J. Jefferson,@ TEN,Over 79.5 Rec Yds,-115,Hit in 11 of his last 16 away games,69%
A. Kamara,VS CLE,Under 117.5 Rush + Rec Yds,-114,Hit in 13 of his last 19 games,68%
J. Elliott,VS WAS,Over 1.5 FG Made,-101,Hit in 2 of his last 3 games,67%
J. Elliott,VS WAS,Over 2.5 XP Made,-157,Hit in 3 of his last 4 games,75%
J. Elliott,VS WAS,Over 2.5 XP Made,-157,Hit in 10 of his last 15 home games,67%
J. Elliott,VS WAS,Over 7.5 Kicking Points,+102,Hit in 2 of his last 3 games,67%
D. Smith,VS WAS,Over 0.5 Anytime TD,+230,Hit in 2 of his last 3 games,67%
J. Hurts,VS WAS,Over 224.5 Pass Yds,-113,Hit in 2 of his last 3 games,67%
S. Barkley,VS WAS,Over 18.5 Rush Att,-114,Hit in 2 of his last 3 games,67%
J. Elliott,VS WAS,Over 1.5 FG Made,-101,Hit in 2 of his last 3 games,67%
S. Barkley,VS WAS,Over 2.5 Receptions,+126,Hit in 2 of his last 3 home games,67%
A. Brown,VS WAS,Over 0.5 Anytime TD,+130,Hit in 2 of his last 3 home games,67%
A. Brown,VS WAS,Over 80.5 Rush + Rec Yds,-119,Hit in 2 of his last 3 home games,67%
N. Brown,@ PHI,Over 38.5 Rec Yds,-113,Hit in 2 of his last 3 games,67%
N. Brown,@ PHI,Over 40.5 Rush + Rec Yds,-113,Hit in 2 of his last 3 games,67%
J. Elliott,VS WAS,Over 2.5 XP Made,-157,Hit in 3 of his last 4 games,75%
B. Robinson,@ PHI,Over 0.5 Anytime TD,+105,Hit in 2 of his last 3 games vs PHI,67%
T. McLaurin,@ PHI,Over 4.5 Receptions,-120,Hit in 2 of his last 3 away games,67%
A. Ekeler,@ PHI,Over 0.5 Anytime TD,+220,Hit in 2 of his last 3 away games,67%
J. Hurts,VS WAS,Over 38.5 Rush Yds,-113,Hit in 2 of his last 3 home games,67%
J. Hurts,VS WAS,Over 9.5 Rush Att,-102,Hit in 2 of his last 3 games,67%
J. Elliott,VS WAS,Over 1.5 FG Made,-101,Hit in 2 of his last 3 games,67%
J. Hurts,VS WAS,Over 269.5 Pass + Rush Yds,-114,Hit in 2 of his last 3 games,67%
K. Gainwell,VS WAS,Over 13.5 Rush Yds,-120,Hit in 12 of his last 18 home games,67%
B. Robinson,@ PHI,Over 47.5 Rush Yds,-115,Hit in 2 of his last 3 games vs PHI,67%
J. Hurts,VS WAS,Over 6.5 1Q Rush Yds,-111,Hit in 2 of his last 3 games,67%
J. Hurts,VS WAS,Over 6.5 1Q Rush Yds,-111,Hit in 2 of his last 3 games vs WAS,67%
J. Elliott,VS WAS,Over 2.5 XP Made,-157,Hit in 3 of his last 4 games,75%
S. Barkley,VS WAS,Over 26.5 1Q Rush + Rec Yds,-114,Hit in 2 of his last 3 home games,67%
A. Brown,VS WAS,Over 80.5 Rec Yds,-113,Hit in 2 of his last 3 home games,67%
D. Swift,VS GB,Over 0.5 Anytime TD,+105,Hit in 4 of his last 6 games,67%
T. Kraft,@ CHI,Over 0.5 Anytime TD,+280,Hit in 4 of his last 6 games,67%
J. Jacobs,@ CHI,Over 0.5 Anytime TD,-105,Hit in 2 of his last 3 games,67%
J. Elliott,VS WAS,Over 1.5 FG Made,-101,Hit in 2 of his last 3 games,67%
J. Williams,VS JAX,Over 0.5 Anytime TD,+165,Hit in 2 of his last 3 home games,67%
K. Raymond,VS JAX,Over 0.5 Anytime TD,+600,Hit in 2 of his last 3 games,67%
S. Darnold,@ TEN,Over 1.5 Pass TD,-105,Hit in 6 of his last 9 games,67%
J. Oliver,@ TEN,Over 0.5 Anytime TD,+750,Hit in 2 of his last 3 games,67%
J. Oliver,@ TEN,Over 0.5 Anytime TD,+750,Hit in 2 of his last 3 away games,67%
J. Elliott,VS WAS,Over 2.5 XP Made,-157,Hit in 3 of his last 4 games,75%
S. LaPorta,VS JAX,Over 0.5 Anytime TD,+165,Hit in 2 of his last 3 games,67%
D. Njoku,@ NO,Over 0.5 Anytime TD,+230,Hit in 2 of his last 3 games,67%
G. Pickens,VS BAL,Over 0.5 Anytime TD,+130,Hit in 2 of his last 3 games,67%
N. Agholor,@ PIT,Over 0.5 Anytime TD,+600,Hit in 2 of his last 3 games,67%
T. Goodson,@ NYJ,Over 0.5 Anytime TD,+1700,Hit in 2 of his last 3 games,67%
J. Elliott,VS WAS,Over 1.5 FG Made,-101,Hit in 2 of his last 3 games,67%
J. Taylor,@ NYJ,Over 0.5 Anytime TD,-135,Hit in 4 of his last 6 away games,67%
J. Downs,@ NYJ,Over 0.5 Anytime TD,+330,Hit in 2 of his last 3 away games,67%
R. Stevenson,VS LA,Over 0.5 Anytime TD,+115,Hit in 2 of his last 3 games,67%
J. Slye,VS LA,Over 1.5 XP Made,-145,Hit in 2 of his last 3 games,67%
T. Tagovailoa,VS LV,Under 0.5 Int,-160,Hit in 2 of his last 3 games,67%
J. Elliott,VS WAS,Over 2.5 XP Made,-157,Hit in 3 of his last 4 games,75%
D. Achane,VS LV,Over 0.5 Anytime TD,-185,Hit in 2 of his last 3 games,67%
D. Achane,VS LV,Over 35.5 Rec Yds,-115,Hit in 2 of his last 3 games,67%
G. Pickens,VS BAL,Over 4.5 Receptions,-115,Hit in 2 of his last 3 games,67%
P. Freiermuth,VS BAL,Over 2.5 Receptions,-125,Hit in 2 of his last 3 games vs BAL,67%
P. Freiermuth,VS BAL,Over 2.5 Receptions,-125,Hit in 10 of his last 15 home games,67%
J. Elliott,VS WAS,Over 1.5 FG Made,-101,Hit in 2 of his last 3 games,67%
R. Wilson,VS BAL,Over 19.5 Pass Compl,+100,Hit in 10 of his last 15 home games,67%
C. Boswell,VS BAL,Over 1.5 FG Made,-120,Hit in 2 of his last 3 games vs BAL,67%
C. Boswell,VS BAL,Over 6.5 Kicking Points,-135,Hit in 2 of his last 3 games vs BAL,67%
J. Tucker,@ PIT,Under 1.5 FG Made,-110,Hit in 2 of his last 3 games,67%
J. Tucker,@ PIT,Under 7.5 Kicking Points,-120,Hit in 2 of his last 3 games,67%
J. Elliott,VS WAS,Over 2.5 XP Made,-157,Hit in 3 of his last 4 games,75%
Z. Flowers,@ PIT,Over 61.5 Rush + Rec Yds,-115,Hit in 4 of his last 6 games,67%
Z. Flowers,@ PIT,Over 61.5 Rush + Rec Yds,-115,Hit in 2 of his last 3 away games,67%
Z. Flowers,@ PIT,Over 4.5 Receptions,-148,Hit in 4 of his last 6 games,67%
R. Bateman,@ PIT,Over 34.5 Rush + Rec Yds,-115,Hit in 4 of his last 6 games,67%
R. Bateman,@ PIT,Over 34.5 Rush + Rec Yds,-115,Hit in 2 of his last 3 away games,67%
J. Elliott,VS WAS,Over 1.5 FG Made,-101,Hit in 2 of his last 3 games,67%
L. Jackson,@ PIT,Over 29.5 Pass Att,-120,Hit in 2 of his last 3 games,67%
L. Jackson,@ PIT,Over 29.5 Pass Att,-120,Hit in 4 of his last 6 away games,67%
D. Robinson,@ NE,Over 0.5 Anytime TD,+360,Hit in 2 of his last 3 games,67%
J. Waddle,VS LV,Over 43.5 Rec Yds,-115,Hit in 2 of his last 3 games,67%
R. Doubs,@ CHI,Under 3.5 Receptions,+110,Hit in 2 of his last 3 games vs CHI,67%
J. Elliott,VS WAS,Over 2.5 XP Made,-157,Hit in 3 of his last 4 games,75%
J. Bates,VS JAX,Over 3.5 XP Made,+130,Hit in 4 of his last 6 games,67%
W. Levis,VS MIN,Over 18.5 Pass Compl,-105,Hit in 2 of his last 3 home games,67%
R. Stevenson,VS LA,Over 2.5 Receptions,-108,Hit in 4 of his last 6 games,67%
D. Douglas,VS LA,Over 31.5 Rec Yds,-120,Hit in 6 of his last 9 home games,67%
D. Douglas,VS LA,Over 3.5 Receptions,+100,Hit in 2 of his last 3 home games,67%
J. Elliott,VS WAS,Over 1.5 FG Made,-101,Hit in 2 of his last 3 games,67%
K. Boutte,VS LA,Over 2.5 Receptions,-118,Hit in 2 of his last 3 games,67%
K. Boutte,VS LA,Over 33.5 Rush + Rec Yds,-115,Hit in 4 of his last 6 games,67%
D. Maye,VS LA,Under 19.5 Pass Compl,-115,Hit in 2 of his last 3 games,67%
D. Maye,VS LA,Under 30.5 Pass Att,-110,Hit in 2 of his last 3 games,67%
D. Maye,VS LA,Under 240.5 Pass + Rush Yds,-115,Hit in 2 of his last 3 games,67%
J. Elliott,VS WAS,Over 2.5 XP Made,-157,Hit in 3 of his last 4 games,75%
P. Nacua,@ NE,Over 71.5 Rush + Rec Yds,-120,Hit in 2 of his last 3 games,67%
K. Williams,@ NE,Over 2.5 Receptions,+112,Hit in 2 of his last 3 games,67%
C. Kupp,@ NE,Over 71.5 Rush + Rec Yds,-115,Hit in 2 of his last 3 away games,67%
C. Kupp,@ NE,Over 6.5 Receptions,-108,Hit in 2 of his last 3 away games,67%
B. Grupe,VS CLE,Over 7.5 Kicking Points,+100,Hit in 4 of his last 6 home games,67%
J. Elliott,VS WAS,Over 1.5 FG Made,-101,Hit in 2 of his last 3 games,67%
D. Carr,VS CLE,Over 0.5 Int,-120,Hit in 4 of his last 6 games,67%
J. Jeudy,@ NO,Over 48.5 Rush + Rec Yds,-115,Hit in 4 of his last 6 away games,67%
R. Wilson,VS BAL,Over 1.5 Pass TD,+108,Hit in 8 of his last 12 home games,67%
Z. Flowers,@ PIT,Over 59.5 Rec Yds,-114,Hit in 4 of his last 6 games,67%
Z. Flowers,@ PIT,Over 59.5 Rec Yds,-114,Hit in 2 of his last 3 away games,67%
J. Elliott,VS WAS,Over 2.5 XP Made,-157,Hit in 3 of his last 4 games,75%
L. Jackson,@ PIT,Over 18.5 Pass Compl,-140,Hit in 4 of his last 6 games,67%
L. Jackson,@ PIT,Over 18.5 Pass Compl,-140,Hit in 4 of his last 6 away games,67%
A. Rodgers,VS IND,Over 1.5 Pass TD,+100,Hit in 6 of his last 9 games,67%
G. Wilson,VS IND,Over 66.5 Rush + Rec Yds,-120,Hit in 4 of his last 6 games,67%
G. Wilson,VS IND,Over 65.5 Rec Yds,-115,Hit in 4 of his last 6 games,67%
J. Elliott,VS WAS,Over 1.5 FG Made,-101,Hit in 2 of his last 3 games,67%
B. Hall,VS IND,Over 73.5 Rush Yds,-115,Hit in 2 of his last 3 games,67%
A. Richardson,@ NYJ,Over 0.5 Int,-155,Hit in 4 of his last 6 games,67%
J. Taylor,@ NYJ,Over 86.5 Rush Yds,-110,Hit in 2 of his last 3 away games,67%
J. Taylor,@ NYJ,Over 101.5 Rush + Rec Yds,-110,Hit in 2 of his last 3 away games,67%
D. Maye,VS LA,Over 30.5 Rush Yds,-114,Hit in 2 of his last 3 games,67%
J. Elliott,VS WAS,Over 2.5 XP Made,-157,Hit in 3 of his last 4 games,75%
P. Nacua,@ NE,Over 68.5 Rec Yds,-114,Hit in 2 of his last 3 games,67%
K. Williams,@ NE,Over 13.5 Rec Yds,-114,Hit in 2 of his last 3 away games,67%
C. Kupp,@ NE,Over 69.5 Rec Yds,-114,Hit in 2 of his last 3 away games,67%
T. Hill,VS LV,Over 67.5 Rec Yds,-115,Hit in 2 of his last 3 games,67%
J. Sanders,VS LV,Over 7.5 Kicking Points,-120,Hit in 12 of his last 18 home games,67%
J. Elliott,VS WAS,Over 1.5 FG Made,-101,Hit in 2 of his last 3 games,67%
D. Achane,VS LV,Over 62.5 Rush Yds,-120,Hit in 2 of his last 3 home games,67%
D. Achane,VS LV,Over 102.5 Rush + Rec Yds,-115,Hit in 2 of his last 3 games,67%
D. Achane,VS LV,Over 102.5 Rush + Rec Yds,-115,Hit in 2 of his last 3 home games,67%
J. Meyers,@ MIA,Over 56.5 Rec Yds,-115,Hit in 2 of his last 3 games,67%
J. Meyers,@ MIA,Over 57.5 Rush + Rec Yds,-115,Hit in 2 of his last 3 games,67%
J. Elliott,VS WAS,Over 2.5 XP Made,-157,Hit in 3 of his last 4 games,75%
D. Carlson,@ MIA,Over 1.5 FG Made,+115,Hit in 2 of his last 3 games,67%
B. Bowers,@ MIA,Over 0.5 Anytime TD,+250,Hit in 2 of his last 3 away games,67%
C. Williams,VS GB,Under 190.5 Pass Yds,-114,Hit in 2 of his last 3 games,67%
J. Love,@ CHI,Over 229.5 Pass Yds,-114,Hit in 12 of his last 18 games,67%
J. Goff,VS JAX,Over 0.5 Rush Yds,-110,Hit in 6 of his last 9 games,67%
J. Elliott,VS WAS,Over 1.5 FG Made,-101,Hit in 2 of his last 3 games,67%
M. Jones,@ DET,Over 0.5 Int,-150,Hit in 4 of his last 6 away games,67%
T. Hill,VS CLE,Over 16.5 Rec Yds,-114,Hit in 2 of his last 3 home games,67%
D. Njoku,@ NO,Over 50.5 Rec Yds,-114,Hit in 2 of his last 3 games,67%
D. Njoku,@ NO,Over 9.5 1Q Rec Yds,-110,Hit in 2 of his last 3 games,67%
D. Njoku,@ NO,Over 9.5 1Q Rec Yds,-110,Hit in 2 of his last 3 away games,67%
J. Elliott,VS WAS,Over 2.5 XP Made,-157,Hit in 3 of his last 4 games,75%
E. Moore,@ NO,Over 34.5 Rec Yds,-114,Hit in 2 of his last 3 games,67%
J. Jeudy,@ NO,Over 48.5 Rec Yds,-114,Hit in 4 of his last 6 away games,67%
J. Oliver,@ TEN,Over 0.5 1Q Anytime TD,+3000,Hit in 2 of his last 3 away games,67%
P. Freiermuth,VS BAL,Over 26.5 Rec Yds,-110,Hit in 2 of his last 3 games vs BAL,67%
D. Henry,@ PIT,Under 5.5 Rec Yds,-115,Hit in 4 of his last 6 games,67%
J. Elliott,VS WAS,Over 1.5 FG Made,-101,Hit in 2 of his last 3 games,67%
R. Bateman,@ PIT,Over 33.5 Rec Yds,-115,Hit in 4 of his last 6 games,67%
R. Bateman,@ PIT,Over 33.5 Rec Yds,-115,Hit in 2 of his last 3 away games,67%
J. Downs,@ NYJ,Over 0.5 1Q Anytime TD,+1700,Hit in 2 of his last 3 away games,67%
B. Purdy,VS SEA,Over 0.5 Anytime TD,+285,Hit in 2 of his last 3 games,67%
K. Walker,@ SF,Over 0.5 Anytime TD,-105,Hit in 2 of his last 3 games vs SF,67%
J. Elliott,VS WAS,Over 2.5 XP Made,-157,Hit in 3 of his last 4 games,75%
G. Smith,@ SF,Under 253.5 Pass Yds,-114,Hit in 2 of his last 3 games,67%
B. Nix,VS ATL,Over 19.5 Pass Compl,-105,Hit in 2 of his last 3 games,67%
B. Nix,VS ATL,Over 30.5 Pass Att,+100,Hit in 2 of his last 3 games,67%
B. Nix,VS ATL,Over 1.5 Pass TD,+150,Hit in 4 of his last 6 games,67%
K. Cousins,@ DEN,Under 32.5 Pass Att,-110,Hit in 2 of his last 3 games,67%
J. Elliott,VS WAS,Over 1.5 FG Made,-101,Hit in 2 of his last 3 games,67%
K. Cousins,@ DEN,Over 1.5 Pass TD,+100,Hit in 2 of his last 3 games,67%
B. Robinson,@ DEN,Over 3.5 Receptions,-135,Hit in 2 of his last 3 games,67%
B. Purdy,VS SEA,Over 0.5 Int,+100,Hit in 2 of his last 3 games vs SEA,67%
B. Nix,VS ATL,Over 0.5 Anytime TD,+190,Hit in 2 of his last 3 home games,67%
D. London,@ DEN,Over 0.5 Anytime TD,+140,Hit in 6 of his last 9 games,67%
J. Elliott,VS WAS,Over 2.5 XP Made,-157,Hit in 3 of his last 4 games,75%
Y. Koo,@ DEN,Over 2.5 XP Made,+160,Hit in 4 of his last 6 games,67%
Y. Koo,@ DEN,Over 2.5 XP Made,+160,Hit in 2 of his last 3 away games,67%
D. Mooney,@ DEN,Over 0.5 Anytime TD,+175,Hit in 2 of his last 3 games,67%
K. Cousins,@ DEN,Under 0.5 Int,-105,Hit in 2 of his last 3 games,67%
B. Purdy,VS SEA,Under 262.5 Pass Yds,-114,Hit in 2 of his last 3 games vs SEA,67%
J. Elliott,VS WAS,Over 1.5 FG Made,-101,Hit in 2 of his last 3 games,67%
K. Walker,@ SF,Over 25.5 Rec Yds,-115,Hit in 4 of his last 6 games,67%
J. McLaughlin,VS ATL,Over 0.5 Anytime TD,+320,Hit in 2 of his last 3 home games,67%
D. Samuel,VS SEA,Over 54.5 Rec Yds,-115,Hit in 2 of his last 3 home games,67%
K. Walker,@ SF,Over 54.5 Rush Yds,-120,Hit in 2 of his last 3 games,67%
B. Nix,VS ATL,Over 5.5 Rush Att,-145,Hit in 4 of his last 6 games,67%
J. Elliott,VS WAS,Over 2.5 XP Made,-157,Hit in 3 of his last 4 games,75%
B. Nix,VS ATL,Over 5.5 Rush Att,-145,Hit in 2 of his last 3 home games,67%
D. London,@ DEN,Over 60.5 Rec Yds,-115,Hit in 2 of his last 3 away games,67%
D. London,@ DEN,Over 60.5 Rush + Rec Yds,-120,Hit in 2 of his last 3 away games,67%
K. Cousins,@ DEN,Over 240.5 Pass Yds,-115,Hit in 2 of his last 3 games,67%
G. Smith,@ SF,Over 267.5 Pass + Rush Yds,-115,Hit in 2 of his last 3 games vs SF,67%
J. Elliott,VS WAS,Over 1.5 FG Made,-101,Hit in 2 of his last 3 games,67%
G. Smith,@ SF,Over 267.5 Pass + Rush Yds,-115,Hit in 2 of his last 3 away games,67%
B. Nix,VS ATL,Under 27.5 Rush Yds,-115,Hit in 2 of his last 3 games,67%
B. Nix,VS ATL,Over 240.5 Pass + Rush Yds,-115,Hit in 2 of his last 3 games,67%
K. Cousins,@ DEN,Over 242.5 Pass + Rush Yds,-120,Hit in 2 of his last 3 games,67%
J. Allen,VS KC,Under 0.5 Int,-119,Hit in 2 of his last 3 games vs KC,67%
J. Elliott,VS WAS,Over 2.5 XP Made,-157,Hit in 3 of his last 4 games,75%
J. Allen,VS KC,Under 33.5 Rush Yds,-114,Hit in 2 of his last 3 games vs KC,67%
T. Johnson,VS KC,Over 0.5 Anytime TD,+950,Hit in 2 of his last 3 home games,67%
T. Bass,VS KC,Over 2.5 XP Made,+100,Hit in 2 of his last 3 games vs KC,67%
J. Cook,VS KC,Over 0.5 Anytime TD,+100,Hit in 2 of his last 3 home games,67%
P. Mahomes,@ BUF,Over 1.5 Pass TD,+110,Hit in 2 of his last 3 games,67%
J. Elliott,VS WAS,Over 1.5 FG Made,-101,Hit in 2 of his last 3 games,67%
P. Mahomes,@ BUF,Over 1.5 Pass TD,+110,Hit in 2 of his last 3 games vs BUF,67%
P. Mahomes,@ BUF,Over 0.5 Int,-142,Hit in 2 of his last 3 games vs BUF,67%
P. Mahomes,@ BUF,Over 240.5 Pass Yds,-114,Hit in 2 of his last 3 games vs BUF,67%
P. Mahomes,@ BUF,Over 240.5 Pass Yds,-114,Hit in 2 of his last 3 away games,67%
H. Butker,@ BUF,Over 6.5 Kicking Points,-131,Hit in 2 of his last 3 games vs BUF,67%
J. Elliott,VS WAS,Over 2.5 XP Made,-157,Hit in 3 of his last 4 games,75%
H. Butker,@ BUF,Over 1.5 FG Made,-119,Hit in 2 of his last 3 games vs BUF,67%
X. Worthy,@ BUF,Over 0.5 Anytime TD,+290,Hit in 2 of his last 3 away games,67%
T. Kelce,@ BUF,Over 0.5 Anytime TD,+155,Hit in 2 of his last 3 games,67%
T. Kelce,@ BUF,Over 6.5 Receptions,-120,Hit in 2 of his last 3 away games,67%
K. Shakir,VS KC,Over 0.5 Anytime TD,+170,Hit in 4 of his last 6 home games,67%
J. Elliott,VS WAS,Over 1.5 FG Made,-101,Hit in 2 of his last 3 games,67%
Q. Morris,VS KC,Over 0.5 Anytime TD,+800,Hit in 2 of his last 3 games,67%
Q. Morris,VS KC,Over 0.5 Anytime TD,+800,Hit in 2 of his last 3 home games,67%
J. Allen,VS KC,Over 59.5 1Q Pass + Rush Yds,-114,Hit in 2 of his last 3 games,67%
J. Allen,VS KC,Over 5.5 1Q Rush Yds,-114,Hit in 6 of his last 9 home games,67%
J. Cook,VS KC,Over 59.5 Rush Yds,-114,Hit in 2 of his last 3 games,67%
J. Elliott,VS WAS,Over 2.5 XP Made,-157,Hit in 3 of his last 4 games,75%
J. Cook,VS KC,Over 59.5 Rush Yds,-114,Hit in 8 of his last 12 home games,67%
J. Cook,VS KC,Over 14.5 1Q Rush Yds,-114,Hit in 4 of his last 6 games,67%
P. Mahomes,@ BUF,Over 265.5 Pass + Rush Yds,-114,Hit in 2 of his last 3 games vs BUF,67%
T. Kelce,@ BUF,Over 65.5 Rec Yds,-114,Hit in 4 of his last 6 games,67%
T. Kelce,@ BUF,Over 65.5 Rec Yds,-114,Hit in 6 of his last 9 away games,67%
J. Elliott,VS WAS,Over 1.5 FG Made,-101,Hit in 2 of his last 3 games,67%
T. Kelce,@ BUF,Over 12.5 1Q Rec Yds,-118,Hit in 4 of his last 6 away games,67%
D. Hopkins,@ BUF,Over 8.5 1Q Rec Yds,-110,Hit in 2 of his last 3 games,67%
J. Allen,VS KC,Over 50.5 1Q Pass Yds,-113,Hit in 2 of his last 3 games,67%
J. Allen,VS KC,Over 6.5 Rush Att,-175,Hit in 2 of his last 3 games,67%
J. Cook,VS KC,Over 14.5 Rush Att,-114,Hit in 2 of his last 3 games,67%
J. Elliott,VS WAS,Over 2.5 XP Made,-157,Hit in 3 of his last 4 games,75%
J. Cook,VS KC,Over 14.5 Rush Att,-114,Hit in 6 of his last 9 home games,67%
P. Mahomes,@ BUF,Over 22.5 Pass Compl,-120,Hit in 2 of his last 3 games vs BUF,67%
P. Mahomes,@ BUF,Over 3.5 Rush Att,-150,Hit in 2 of his last 3 games vs BUF,67%
J. Allen,VS KC,Over 271.5 Pass + Rush Yds,-114,Hit in 2 of his last 3 home games,67%
P. Mahomes,@ BUF,Over 33.5 Pass Att,-128,Hit in 2 of his last 3 games vs BUF,67%
J. Elliott,VS WAS,Over 1.5 FG Made,-101,Hit in 2 of his last 3 games,67%
X. Worthy,@ BUF,Over 2.5 Receptions,+130,Hit in 4 of his last 6 games,67%
K. Hunt,@ BUF,Over 63.5 Rush Yds,-114,Hit in 4 of his last 6 games,67%
K. Hunt,@ BUF,Over 63.5 Rush Yds,-114,Hit in 2 of his last 3 away games,67%
J. Dobbins,VS CIN,Over 0.5 Anytime TD,-115,Hit in 2 of his last 3 games,67%
J. Burrow,@ LAC,Over 9.5 Rush Yds,-110,Hit in 2 of his last 3 games,67%
J. Elliott,VS WAS,Over 2.5 XP Made,-157,Hit in 3 of his last 4 games,75%
T. Higgins,@ LAC,Over 0.5 Anytime TD,+170,Hit in 2 of his last 3 games,67%
J. Burrow,@ LAC,Over 0.5 Int,-120,Hit in 2 of his last 3 games,67%
C. Lamb,VS HOU,Over 0.5 Anytime TD,+195,Hit in 8 of his last 12 home games,67%
K. Fairbairn,@ DAL,Over 8.5 Kicking Points,+100,Hit in 2 of his last 3 away games,67%
D. Schultz,@ DAL,Over 33.5 Rec Yds,-115,Hit in 2 of his last 3 games,67%
J. Elliott,VS WAS,Over 1.5 FG Made,-101,Hit in 2 of his last 3 games,67%
J. Hurts,VS WAS,Over 59.5 1Q Pass + Rush Yds,-114,Hit in 13 of his last 20 home games,65%
G. Minshew,@ MIA,Over 0.5 Pass TD,-245,Hit in 13 of his last 20 games,65%
D. Hopkins,@ NO,Over 6.5 Kicking Points,-145,Hit in 13 of his last 20 games,65%
D. Hopkins,@ NO,Over 1.5 FG Made,-135,Hit in 13 of his last 20 games,65%
D. Smith,VS WAS,Under 4.5 Receptions,-165,WAS rank 5th in REC against,5th
J. Elliott,VS WAS,Over 2.5 XP Made,-157,Hit in 3 of his last 4 games,75%
S. Barkley,VS WAS,Over 92.5 Rush Yds,-113,WAS rank 28th in RUSH YDS against,28th
A. Brown,VS WAS,Under 5.5 Receptions,-152,WAS rank 5th in REC against,5th
J. Daniels,@ PHI,Under 1.5 Pass TD,-178,PHI rank 5th in PASS TDs versus QB,5th
J. Daniels,@ PHI,Under 226.5 Pass Yds,-113,PHI rank 3rd in PASS YDS versus QB,3rd
Z. Ertz,@ PHI,Under 34.5 Rec Yds,-113,PHI rank 5th in REC YDS versus TE,5th
J. Elliott,VS WAS,Over 1.5 FG Made,-101,Hit in 2 of his last 3 games,67%
J. Hurts,VS WAS,Under 18.5 Pass Compl,-114,WAS rank 5th in PASS COMPL versus QB,5th
J. Hurts,VS WAS,Over 38.5 Rush Yds,-113,WAS rank 28th in RUSH YDS against,28th
D. Goedert,VS WAS,Under 3.5 Receptions,-140,WAS rank 5th in REC versus TE,5th
K. Gainwell,VS WAS,Over 13.5 Rush Yds,-120,WAS rank 28th in RUSH YDS against,28th
D. Goedert,VS WAS,Under 33.5 Rec Yds,-113,WAS rank 5th in PASS YDS against,5th
J. Elliott,VS WAS,Over 2.5 XP Made,-157,Hit in 3 of his last 4 games,75%
J. Daniels,@ PHI,Under 43.5 Rush Yds,-113,PHI rank 5th in RUSH YDS versus QB,5th
J. Hurts,VS WAS,Under 27.5 Pass Att,-114,WAS rank 1st in PASS ATT versus QB,1st
K. Allen,VS GB,Over 0.5 Anytime TD,+440,GB rank 28th in RUSH TDs versus WR,28th
D. Moore,VS GB,Over 0.5 Anytime TD,+270,GB rank 28th in RUSH TDs versus WR,28th
R. Odunze,VS GB,Over 0.5 Anytime TD,+460,GB rank 28th in RUSH TDs versus WR,28th
J. Elliott,VS WAS,Over 1.5 FG Made,-101,Hit in 2 of his last 3 games,67%
T. Kraft,@ CHI,Over 0.5 Anytime TD,+280,CHI rank 31st in RUSH TDs versus TE,31st
B. Sims,@ CHI,Over 0.5 Anytime TD,+1500,CHI rank 31st in RUSH TDs versus TE,31st
C. Reynolds,VS JAX,Over 0.5 Anytime TD,+500,JAX rank 30th in REC TDs versus RB,30th
D. Montgomery,VS JAX,Over 0.5 Anytime TD,-250,JAX rank 30th in REC TDs versus RB,30th
A. St. Brown,VS JAX,Over 0.5 Anytime TD,+100,JAX rank 28th in TDs against,28th
J. Elliott,VS WAS,Over 2.5 XP Made,-157,Hit in 3 of his last 4 games,75%
J. Williams,VS JAX,Over 0.5 Anytime TD,+165,JAX rank 28th in TDs against,28th
J. Goff,VS JAX,Over 0.5 Anytime TD,+900,JAX rank 32nd in REC TDs versus QB,32nd
K. Raymond,VS JAX,Over 0.5 Anytime TD,+600,JAX rank 28th in TDs against,28th
S. Vaki,VS JAX,Over 0.5 Anytime TD,+1000,JAX rank 30th in REC TDs versus RB,30th
J. Gibbs,VS JAX,Over 0.5 Anytime TD,-140,JAX rank 30th in REC TDs versus RB,30th
J. Elliott,VS WAS,Over 1.5 FG Made,-101,Hit in 2 of his last 3 games,67%
T. Patrick,VS JAX,Over 0.5 Anytime TD,+400,JAX rank 28th in TDs against,28th
A. Robinson,VS JAX,Over 0.5 Anytime TD,+850,JAX rank 28th in TDs against,28th
S. Darnold,@ TEN,Over 0.5 Anytime TD,+550,TEN rank 29th in REC TDs versus QB and 28th in RUSH TDs versus QB,29th
A. Jones,@ TEN,Over 0.5 Anytime TD,-110,TEN rank 32nd in REC TDs versus RB,32nd
S. LaPorta,VS JAX,Over 0.5 Anytime TD,+165,JAX rank 28th in REC TDs versus TE and 29th in RUSH TDs versus TE,28th
J. Elliott,VS WAS,Over 2.5 XP Made,-157,Hit in 3 of his last 4 games,75%
B. Wright,VS JAX,Over 0.5 Anytime TD,+225,JAX rank 28th in REC TDs versus TE and 29th in RUSH TDs versus TE,28th
S. Zylstra,VS JAX,Over 0.5 Anytime TD,+850,JAX rank 28th in REC TDs versus TE and 29th in RUSH TDs versus TE,28th
J. Williams,VS CLE,Over 0.5 Anytime TD,+340,CLE rank 28th in RUSH TDs versus RB,28th
J. Mims,VS CLE,Over 0.5 Anytime TD,+340,CLE rank 28th in RUSH TDs versus RB,28th
M. Tipton,VS CLE,Over 0.5 Anytime TD,+370,CLE rank 29th in REC TDs versus WR and 32nd in RUSH TDs versus WR,29th
J. Elliott,VS WAS,Over 1.5 FG Made,-101,Hit in 2 of his last 3 games,67%
D. Carr,VS CLE,Over 0.5 Anytime TD,+900,CLE rank 30th in REC TDs versus QB,30th
C. Wilson,VS CLE,Over 0.5 Anytime TD,+320,CLE rank 29th in REC TDs versus WR and 32nd in RUSH TDs versus WR,29th
A. Kamara,VS CLE,Over 0.5 Anytime TD,-155,CLE rank 28th in RUSH TDs versus RB,28th
M. Valdes-Scantling,VS CLE,Over 0.5 Anytime TD,+340,CLE rank 29th in REC TDs versus WR and 32nd in RUSH TDs versus WR,29th
E. St. Brown,VS CLE,Over 0.5 Anytime TD,+550,CLE rank 29th in REC TDs versus WR and 32nd in RUSH TDs versus WR,29th
J. Elliott,VS WAS,Over 2.5 XP Made,-157,Hit in 3 of his last 4 games,75%
D. Foreman,@ NO,Over 0.5 Anytime TD,+320,NO rank 31st in RUSH TDs versus RB,31st
P. Strong,@ NO,Over 0.5 Anytime TD,+1000,NO rank 31st in RUSH TDs versus RB,31st
J. Ford,@ NO,Over 0.5 Anytime TD,+320,NO rank 31st in RUSH TDs versus RB,31st
N. Chubb,@ NO,Over 0.5 Anytime TD,-105,NO rank 31st in RUSH TDs versus RB,31st
M. Williams,VS BAL,Over 0.5 Anytime TD,+380,BAL rank 32nd in REC TDs versus WR,32nd
J. Elliott,VS WAS,Over 1.5 FG Made,-101,Hit in 2 of his last 3 games,67%
G. Pickens,VS BAL,Over 0.5 Anytime TD,+130,BAL rank 32nd in REC TDs versus WR,32nd
V. Jefferson,VS BAL,Over 0.5 Anytime TD,+550,BAL rank 32nd in REC TDs versus WR,32nd
C. Austin,VS BAL,Over 0.5 Anytime TD,+500,BAL rank 32nd in REC TDs versus WR,32nd
B. Skowronek,VS BAL,Over 0.5 Anytime TD,+550,BAL rank 32nd in REC TDs versus WR,32nd
A. Mitchell,@ NYJ,Over 0.5 Anytime TD,+490,NYJ rank 31st in RUSH TDs versus WR,31st
J. Elliott,VS WAS,Over 2.5 XP Made,-157,Hit in 3 of his last 4 games,75%
M. Pittman,@ NYJ,Over 0.5 Anytime TD,+275,NYJ rank 31st in RUSH TDs versus WR,31st
A. Pierce,@ NYJ,Over 0.5 Anytime TD,+400,NYJ rank 31st in RUSH TDs versus WR,31st
J. Downs,@ NYJ,Over 0.5 Anytime TD,+330,NYJ rank 31st in RUSH TDs versus WR,31st
A. Dulin,@ NYJ,Over 0.5 Anytime TD,+1000,NYJ rank 31st in RUSH TDs versus WR,31st
L. Treadwell,@ NYJ,Over 0.5 Anytime TD,+1500,NYJ rank 31st in RUSH TDs versus WR,31st
J. Elliott,VS WAS,Over 1.5 FG Made,-101,Hit in 2 of his last 3 games,67%
J. Polk,VS LA,Over 0.5 Anytime TD,+600,LA rank 30th in REC TDs versus WR and 30th in RUSH TDs versus WR,30th
J. Baker,VS LA,Over 0.5 Anytime TD,+1500,LA rank 30th in REC TDs versus WR and 30th in RUSH TDs versus WR,30th
D. Douglas,VS LA,Over 0.5 Anytime TD,+370,LA rank 30th in REC TDs versus WR and 30th in RUSH TDs versus WR,30th
K. Boutte,VS LA,Over 0.5 Anytime TD,+360,LA rank 30th in REC TDs versus WR and 30th in RUSH TDs versus WR,30th
T. Hill,VS LV,Over 0.5 Anytime TD,+135,LV rank 29th in TDs against,29th
J. Elliott,VS WAS,Over 2.5 XP Made,-157,Hit in 3 of his last 4 games,75%
J. Waddle,VS LV,Over 0.5 Anytime TD,+160,LV rank 29th in TDs against,29th
T. Tagovailoa,VS LV,Over 0.5 Anytime TD,+1100,LV rank 28th in REC TDs versus QB,28th
J. Hill,VS LV,Over 0.5 Anytime TD,+1300,LV rank 30th in REC TDs versus TE,30th
D. Smythe,VS LV,Over 0.5 Anytime TD,+1300,LV rank 30th in REC TDs versus TE,30th
D. Achane,VS LV,Over 0.5 Anytime TD,-185,LV rank 28th in REC TDs versus RB,28th
J. Elliott,VS WAS,Over 1.5 FG Made,-101,Hit in 2 of his last 3 games,67%
M. Washington,VS LV,Over 0.5 Anytime TD,+750,LV rank 29th in TDs against,29th
J. Smith,VS LV,Over 0.5 Anytime TD,+310,LV rank 30th in REC TDs versus TE,30th
O. Beckham,VS LV,Over 0.5 Anytime TD,+340,LV rank 29th in TDs against,29th
G. Pickens,VS BAL,Over 4.5 Receptions,-115,BAL rank 30th in REC versus WR,30th
P. Freiermuth,VS BAL,Over 2.5 Receptions,-125,BAL rank 31st in REC versus TE,31st
J. Elliott,VS WAS,Over 2.5 XP Made,-157,Hit in 3 of his last 4 games,75%
R. Wilson,VS BAL,Over 19.5 Pass Compl,+100,BAL rank 32nd in PASS COMPL versus QB,32nd
K. Osborn,VS LA,Over 0.5 Anytime TD,+475,LA rank 30th in REC TDs versus WR and 30th in RUSH TDs versus WR,30th
T. Thornton,VS LA,Over 0.5 Anytime TD,+1600,LA rank 30th in REC TDs versus WR and 30th in RUSH TDs versus WR,30th
K. Bourne,VS LA,Over 0.5 Anytime TD,+400,LA rank 30th in REC TDs versus WR and 30th in RUSH TDs versus WR,30th
T. Scott,VS GB,Over 0.5 Anytime TD,+2500,GB rank 28th in RUSH TDs versus WR,28th
J. Elliott,VS WAS,Over 1.5 FG Made,-101,Hit in 2 of his last 3 games,67%
D. Carter,VS GB,Over 0.5 Anytime TD,+3500,GB rank 28th in RUSH TDs versus WR,28th
J. Reed,@ CHI,Under 4.5 Receptions,-125,CHI rank 2nd in REC versus WR,2nd
R. Doubs,@ CHI,Under 3.5 Receptions,+110,CHI rank 2nd in REC versus WR,2nd
J. FitzPatrick,@ CHI,Over 0.5 Anytime TD,+2500,CHI rank 31st in RUSH TDs versus TE,31st
T. Chandler,@ TEN,Over 0.5 Anytime TD,+410,TEN rank 32nd in REC TDs versus RB,32nd
J. Elliott,VS WAS,Over 2.5 XP Made,-157,Hit in 3 of his last 4 games,75%
C. Akers,@ TEN,Over 0.5 Anytime TD,-110,TEN rank 32nd in REC TDs versus RB,32nd
W. Levis,VS MIN,Under 3.5 Rush Att,-115,MIN rank 2nd in RUSH ATT versus QB,2nd
W. Levis,VS MIN,Over 18.5 Pass Compl,-105,MIN rank 28th in PASS COMPL versus QB,28th
N. Westbrook-Ikhine,VS MIN,Over 23.5 Rec Yds,-115,MIN rank 30th in REC YDS versus WR,30th
C. Ridley,VS MIN,Over 54.5 Rec Yds,-115,MIN rank 30th in REC YDS versus WR,30th
J. Elliott,VS WAS,Over 1.5 FG Made,-101,Hit in 2 of his last 3 games,67%
S. Darnold,@ TEN,Over 0.5 Int,-115,TEN rank 4th in INT versus QB,4th
D. Carr,VS CLE,Over 0.5 Int,-120,CLE rank 2nd in INT versus QB,2nd
D. Carr,VS CLE,Over 1.5 Rush Att,-115,CLE rank 30th in RUSH ATT versus QB,30th
J. Jackson,VS CLE,Over 0.5 Anytime TD,+1300,CLE rank 29th in REC TDs versus WR and 32nd in RUSH TDs versus WR,29th
C. Tillman,@ NO,Over 55.5 Rec Yds,-114,NO rank 29th in REC YDS versus WR,29th
J. Elliott,VS WAS,Over 2.5 XP Made,-157,Hit in 3 of his last 4 games,75%
J. Winston,@ NO,Under 1.5 Pass TD,-168,NO rank 4th in PASS TDs versus QB,4th
J. Winston,@ NO,Under 0.5 Int,+105,NO rank 29th in INT versus QB,29th
D. Washington,VS BAL,Over 8.5 Rec Yds,-110,BAL rank 30th in REC YDS versus TE,30th
R. Wilson,VS BAL,Over 1.5 Pass TD,+108,BAL rank 31st in PASS TDs versus QB,31st
C. Austin,VS BAL,Over 21.5 Rec Yds,-115,BAL rank 32nd in REC YDS versus WR,32nd
J. Elliott,VS WAS,Over 1.5 FG Made,-101,Hit in 2 of his last 3 games,67%
C. Austin,VS BAL,Over 1.5 Receptions,-200,BAL rank 30th in REC versus WR,30th
D. Henry,@ PIT,Under 18.5 Rush Att,-114,PIT rank 5th in RUSH ATT against,5th
L. Jackson,@ PIT,Under 8.5 Rush Att,-110,PIT rank 1st in RUSH ATT versus QB,1st
B. Hall,VS IND,Over 73.5 Rush Yds,-115,IND rank 30th in RUSH YDS versus RB,30th
A. Richardson,@ NYJ,Under 177.5 Pass Yds,-115,NYJ rank 2nd in PASS YDS versus QB,2nd
J. Elliott,VS WAS,Over 2.5 XP Made,-157,Hit in 3 of his last 4 games,75%
A. Richardson,@ NYJ,Under 0.5 Pass TD,+155,NYJ rank 2nd in PASS TDs versus QB,2nd
A. Richardson,@ NYJ,Under 27.5 Pass Att,-110,NYJ rank 5th in PASS ATT versus QB,5th
A. Richardson,@ NYJ,Over 0.5 Int,-155,NYJ rank 3rd in INT versus QB,3rd
J. Wilson,VS LV,Over 0.5 Anytime TD,+1800,LV rank 28th in REC TDs versus RB,28th
R. Mostert,VS LV,Over 0.5 Anytime TD,+230,LV rank 28th in REC TDs versus RB,28th
J. Elliott,VS WAS,Over 1.5 FG Made,-101,Hit in 2 of his last 3 games,67%
J. Wright,VS LV,Over 0.5 Anytime TD,+480,LV rank 28th in REC TDs versus RB,28th
D. Eskridge,VS LV,Over 0.5 Anytime TD,+1600,LV rank 29th in TDs against,29th
R. Cracraft,VS LV,Over 0.5 Anytime TD,+1100,LV rank 29th in TDs against,29th
Z. White,@ MIA,Over 0.5 Anytime TD,+700,MIA rank 30th in RUSH TDs versus RB,30th
A. Mattison,@ MIA,Over 0.5 Anytime TD,+145,MIA rank 30th in RUSH TDs versus RB,30th
J. Elliott,VS WAS,Over 2.5 XP Made,-157,Hit in 3 of his last 4 games,75%
A. Abdullah,@ MIA,Over 0.5 Anytime TD,+550,MIA rank 30th in RUSH TDs versus RB,30th
D. Laube,@ MIA,Over 0.5 Anytime TD,+2500,MIA rank 30th in RUSH TDs versus RB,30th
A. St. Brown,VS JAX,Over 75.5 Rec Yds,-115,JAX rank 28th in REC YDS versus WR,28th
J. Williams,VS JAX,Over 42.5 Rec Yds,-115,JAX rank 28th in REC YDS versus WR,28th
J. Goff,VS JAX,Over 0.5 Rush Yds,-110,JAX rank 31st in RUSH YDS versus QB,31st
J. Elliott,VS WAS,Over 1.5 FG Made,-101,Hit in 2 of his last 3 games,67%
J. Goff,VS JAX,Over 1.5 Pass TD,-130,JAX rank 29th in PASS TDs versus QB,29th
J. Goff,VS JAX,Over 221.5 Pass Yds,-115,JAX rank 30th in PASS YDS versus QB,30th
M. Jones,@ DET,Under 0.5 Pass TD,+145,DET rank 3rd in PASS TDs versus QB,3rd
E. Engram,@ DET,Under 42.5 Rec Yds,-110,DET rank 3rd in REC YDS versus TE,3rd
E. Engram,@ DET,Under 5.5 Receptions,-130,DET rank 3rd in REC versus TE,3rd
J. Elliott,VS WAS,Over 2.5 XP Made,-157,Hit in 3 of his last 4 games,75%
D. Carr,VS CLE,Under 18.5 Pass Compl,+112,CLE rank 3rd in PASS COMPL versus QB,3rd
D. Njoku,@ NO,Over 50.5 Rec Yds,-114,NO rank 29th in PASS YDS against,29th
E. Moore,@ NO,Over 34.5 Rec Yds,-114,NO rank 29th in REC YDS versus WR,29th
J. Jeudy,@ NO,Over 48.5 Rec Yds,-114,NO rank 29th in REC YDS versus WR,29th
J. Winston,@ NO,Over 34.5 Pass Att,-114,NO rank 28th in PASS ATT versus QB,28th
J. Elliott,VS WAS,Over 1.5 FG Made,-101,Hit in 2 of his last 3 games,67%
N. Chubb,@ NO,Over 6.5 Rec Yds,-115,NO rank 29th in PASS YDS against,29th
G. Pickens,VS BAL,Over 69.5 Rec Yds,-115,BAL rank 32nd in REC YDS versus WR,32nd
P. Freiermuth,VS BAL,Over 26.5 Rec Yds,-110,BAL rank 30th in REC YDS versus TE,30th
R. Wilson,VS BAL,Under 11.5 Rush Yds,-115,BAL rank 1st in RUSH YDS against,1st
R. Wilson,VS BAL,Over 223.5 Pass Yds,-114,BAL rank 32nd in PASS YDS versus QB,32nd
J. Elliott,VS WAS,Over 2.5 XP Made,-157,Hit in 3 of his last 4 games,75%
A. Richardson,@ NYJ,Over 0.5 Anytime TD,+195,NYJ rank 31st in RUSH TDs versus QB,31st
L. Shenault,@ SF,Over 0.5 Anytime TD,+1500,SF rank 29th in RUSH TDs versus WR,29th
D. Young,@ SF,Over 0.5 Anytime TD,+1400,SF rank 29th in RUSH TDs versus WR,29th
J. Smith-Njigba,@ SF,Over 0.5 Anytime TD,+180,SF rank 29th in RUSH TDs versus WR,29th
D. Metcalf,@ SF,Over 0.5 Anytime TD,+180,SF rank 29th in RUSH TDs versus WR,29th
J. Elliott,VS WAS,Over 1.5 FG Made,-101,Hit in 2 of his last 3 games,67%
J. Bobo,@ SF,Over 0.5 Anytime TD,+450,SF rank 29th in RUSH TDs versus WR,29th
T. Lockett,@ SF,Over 0.5 Anytime TD,+240,SF rank 29th in RUSH TDs versus WR,29th
C. Sutton,VS ATL,Over 4.5 Receptions,+105,ATL rank 28th in REC versus WR,28th
B. Nix,VS ATL,Over 19.5 Pass Compl,-105,ATL rank 30th in PASS COMPL versus QB,30th
B. Nix,VS ATL,Over 30.5 Pass Att,+100,ATL rank 28th in PASS ATT against,28th
J. Elliott,VS WAS,Over 2.5 XP Made,-157,Hit in 3 of his last 4 games,75%
B. Robinson,@ DEN,Over 3.5 Receptions,-135,DEN rank 28th in REC versus RB,28th
C. Sutton,VS ATL,Over 0.5 Anytime TD,+195,ATL rank 28th in REC TDs versus WR,28th
D. Vele,VS ATL,Over 0.5 Anytime TD,+360,ATL rank 28th in REC TDs versus WR,28th
A. Trautman,VS ATL,Over 0.5 Anytime TD,+550,ATL rank 32nd in RUSH TDs versus TE,32nd
T. Franklin,VS ATL,Over 0.5 Anytime TD,+475,ATL rank 28th in REC TDs versus WR,28th
J. Elliott,VS WAS,Over 1.5 FG Made,-101,Hit in 2 of his last 3 games,67%
L. Krull,VS ATL,Over 0.5 Anytime TD,+650,ATL rank 32nd in RUSH TDs versus TE,32nd
N. Adkins,VS ATL,Over 0.5 Anytime TD,+1100,ATL rank 32nd in RUSH TDs versus TE,32nd
M. Mims,VS ATL,Over 0.5 Anytime TD,+600,ATL rank 28th in REC TDs versus WR,28th
L. Humphrey,VS ATL,Over 0.5 Anytime TD,+400,ATL rank 28th in REC TDs versus WR,28th
B. Robinson,@ DEN,Over 25.5 Rec Yds,-120,DEN rank 28th in REC YDS versus RB,28th
J. Elliott,VS WAS,Over 2.5 XP Made,-157,Hit in 3 of his last 4 games,75%
B. Nix,VS ATL,Over 5.5 Rush Att,-145,ATL rank 29th in RUSH ATT versus QB,29th
C. McCaffrey,VS SEA,Over 81.5 Rush Yds,-115,SEA rank 31st in RUSH YDS versus RB,31st
T. Allgeier,@ DEN,Over 0.5 Rec Yds,-115,DEN rank 28th in REC YDS versus RB,28th
R. McCloud,@ DEN,Under 29.5 Rec Yds,-115,DEN rank 5th in REC YDS versus WR,5th
J. Allen,VS KC,Under 33.5 Rush Yds,-114,KC rank 3rd in RUSH YDS against,3rd
J. Elliott,VS WAS,Over 1.5 FG Made,-101,Hit in 2 of his last 3 games,67%
S. Perine,@ BUF,Over 0.5 Anytime TD,+650,BUF rank 31st in REC TDs versus RB,31st
K. Hunt,@ BUF,Over 0.5 Anytime TD,-115,BUF rank 31st in REC TDs versus RB,31st
C. Steele,@ BUF,Over 0.5 Anytime TD,+1100,BUF rank 31st in REC TDs versus RB,31st
C. Edwards-Helaire,@ BUF,Over 0.5 Anytime TD,+700,BUF rank 31st in REC TDs versus RB,31st
H. Hurst,VS CIN,Over 0.5 Anytime TD,+475,CIN rank 31st in REC TDs versus TE,31st
J. Elliott,VS WAS,Over 2.5 XP Made,-157,Hit in 3 of his last 4 games,75%
D. Davis,VS CIN,Over 0.5 Anytime TD,+750,CIN rank 30th in TDs against,30th
W. Dissly,VS CIN,Over 0.5 Anytime TD,+310,CIN rank 31st in REC TDs versus TE,31st
G. Edwards,VS CIN,Over 0.5 Anytime TD,+220,CIN rank 30th in TDs against,30th
L. McConkey,VS CIN,Over 0.5 Anytime TD,+185,CIN rank 30th in TDs against,30th
S. Smartt,VS CIN,Over 0.5 Anytime TD,+1200,CIN rank 31st in REC TDs versus TE,31st
J. Elliott,VS WAS,Over 1.5 FG Made,-101,Hit in 2 of his last 3 games,67%
J. Palmer,VS CIN,Over 0.5 Anytime TD,+330,CIN rank 30th in TDs against,30th
J. Dobbins,VS CIN,Over 0.5 Anytime TD,-115,CIN rank 30th in TDs against,30th
D. Chark,VS CIN,Over 0.5 Anytime TD,+550,CIN rank 30th in TDs against,30th
Q. Johnston,VS CIN,Over 0.5 Anytime TD,+205,CIN rank 30th in TDs against,30th
K. Vidal,VS CIN,Over 0.5 Anytime TD,+550,CIN rank 30th in TDs against,30th
J. Elliott,VS WAS,Over 2.5 XP Made,-157,Hit in 3 of his last 4 games,75%
J. Herbert,VS CIN,Over 0.5 Anytime TD,+350,CIN rank 30th in RUSH TDs versus QB,30th
H. Haskins,VS CIN,Over 0.5 Anytime TD,+1100,CIN rank 30th in TDs against,30th
J. Reagor,VS CIN,Over 0.5 Anytime TD,+550,CIN rank 30th in TDs against,30th
T. Fisk,VS CIN,Over 0.5 Anytime TD,+1100,CIN rank 31st in REC TDs versus TE,31st
K. Turpin,VS HOU,Over 0.5 Anytime TD,+1000,HOU rank 31st in REC TDs versus WR,31st
J. Elliott,VS WAS,Over 1.5 FG Made,-101,Hit in 2 of his last 3 games,67%
J. Brooks,VS HOU,Over 0.5 Anytime TD,+600,HOU rank 31st in REC TDs versus WR,31st
J. Tolbert,VS HOU,Over 0.5 Anytime TD,+340,HOU rank 31st in REC TDs versus WR,31st
R. Flournoy,VS HOU,Over 0.5 Anytime TD,+1200,HOU rank 31st in REC TDs versus WR,31st
J. Mingo,VS HOU,Over 0.5 Anytime TD,+800,HOU rank 31st in REC TDs versus WR,31st
C. Lamb,VS HOU,Over 0.5 Anytime TD,+195,HOU rank 31st in REC TDs versus WR,31st
J. Elliott,VS WAS,Over 2.5 XP Made,-157,Hit in 3 of his last 4 games,75%
T. Dell,@ DAL,Over 0.5 Anytime TD,+145,DAL rank 31st in TDs against,31st
J. Metchie,@ DAL,Over 0.5 Anytime TD,+425,DAL rank 31st in TDs against,31st
D. Ogunbowale,@ DAL,Over 0.5 Anytime TD,+425,DAL rank 29th in RUSH TDs versus RB,29th
S. Sims,@ DAL,Over 0.5 Anytime TD,+1500,DAL rank 31st in TDs against,31st
C. Stover,@ DAL,Over 0.5 Anytime TD,+650,DAL rank 29th in REC TDs versus TE,29th
J. Elliott,VS WAS,Over 1.5 FG Made,-101,Hit in 2 of his last 3 games,67%
R. Woods,@ DAL,Over 0.5 Anytime TD,+550,DAL rank 31st in TDs against,31st
J. Mixon,@ DAL,Over 0.5 Anytime TD,-220,DAL rank 29th in RUSH TDs versus RB,29th
C. Stroud,@ DAL,Over 0.5 Anytime TD,+400,DAL rank 32nd in RUSH TDs versus QB,32nd
D. Schultz,@ DAL,Over 0.5 Anytime TD,+215,DAL rank 29th in REC TDs versus TE,29th
X. Hutchinson,@ DAL,Over 0.5 Anytime TD,+425,DAL rank 31st in TDs against,31st
J. Elliott,VS WAS,Over 2.5 XP Made,-157,Hit in 3 of his last 4 games,75%
N. Collins,@ DAL,Over 0.5 Anytime TD,+110,DAL rank 31st in TDs against,31st
J. Taylor,@ DAL,Over 0.5 Anytime TD,+1200,DAL rank 29th in RUSH TDs versus RB,29th
T. Quitoriano,@ DAL,Over 0.5 Anytime TD,+1200,DAL rank 29th in REC TDs versus TE,29th
C. Rush,VS HOU,Under 186.5 Pass Yds,-120,HOU rank 4th in PASS YDS versus QB,4th
C. Rush,VS HOU,Under 0.5 Int,+125,HOU rank 30th in INT versus QB,30th
J. Elliott,VS WAS,Over 1.5 FG Made,-101,Hit in 2 of his last 3 games,67%
J. Tolbert,VS HOU,Under 24.5 Rec Yds,-115,HOU rank 4th in PASS YDS against,4th
J. Ferguson,VS HOU,Under 36.5 Rec Yds,-115,HOU rank 1st in REC YDS versus TE,1st
C. Lamb,VS HOU,Under 59.5 Rec Yds,-115,HOU rank 4th in PASS YDS against,4th
J. Mixon,@ DAL,Over 86.5 Rush Yds,-120,DAL rank 31st in RUSH YDS against,31st
