Player Name,Opponent,Market,Odds,Trend Context,Linemate Percentage,Bet Hit,Actual Value
Bam Adebayo,SAS,Under 0.5 3PTM,-125,Hit in 4 of his last 4 games vs SAS,100%,True,0.0
Harrison Barnes,MIA,Over 3.5 Rebounds,-146,Hit in 4 of his last 5 games,80%,True,5.0
Chris Paul,MIA,Over 13.5 PTS+REB,-113,Hit in 4 of his last 4 away games,100%,True,20.0
Chris Paul,MIA,Over 17.5 PTS+AST,-115,Hit in 5 of his last 5 away games,100%,True,25.0
Chris Paul,MIA,Under 12.5 REB+AST,-120,Hit in 4 of his last 4 games,100%,False,13.0
Chris Paul,MIA,Over 21.5 PTS+AST+REB,-128,Hit in 5 of his last 5 away games,100%,True,25.0
Victor Wembanyama,MIA,Under 39.5 PTS+AST+REB,-111,Hit in 4 of his last 4 games,100%,True,30.0
Victor Wembanyama,MIA,Under 35.5 PTS+REB,-111,Hit in 4 of his last 4 games,100%,False,37.0
Victor Wembanyama,MIA,Under 23.5 Points,-111,Hit in 6 of his last 6 games,100%,False,27.0
Victor Wembanyama,MIA,Under 15.5 REB+AST,-106,Hit in 4 of his last 4 games,100%,True,13.0
Harrison Barnes,MIA,Over 14.5 PTS+REB,-111,Hit in 4 of his last 4 games,100%,True,17.0
Harrison Barnes,MIA,Over 16.5 PTS+AST+REB,-113,Hit in 4 of his last 4 games,100%,False,14.0
Devin Vassell,MIA,Over 8.5 REB+AST,112,Hit in 6 of his last 6 away games,100%,False,5.0
Devin Vassell,MIA,Under 26.5 PTS+AST+REB,-115,Hit in 4 of his last 4 games vs MIA,100%,False,33.0
Bam Adebayo,SAS,Under 0.5 Blocks,-105,Hit in 4 of his last 4 games vs SAS,100%,False,1.0
Victor Wembanyama,MIA,Over 0.5 Steals,-210,Hit in 4 of his last 4 games,100%,False,0.0
Devin Vassell,MIA,Under 22.5 PTS+REB,-111,Hit in 4 of his last 4 games vs MIA,100%,False,34.0
Victor Wembanyama,MIA,Over 4.5 STL+BLK,-115,Hit in 6 of his last 6 games,100%,False,1.0
Devin Vassell,MIA,Over 1.5 Turnovers,-175,Hit in 6 of his last 6 games,100%,False,1.0
Devin Vassell,MIA,Under 0.5 Blocks,-350,Hit in 4 of his last 4 games,100%,False,2.0
Devin Vassell,MIA,Under 0.5 Blocks,-350,Hit in 4 of his last 4 games vs MIA,100%,False,2.0
Devin Vassell,MIA,Over 0.5 Steals,-250,Hit in 4 of his last 4 away games,100%,True,1.0
Kentavious Caldwell-Pope,DEN,Over 1.5 Assists,-154,Hit in 10 of his last 10 home games,100%,True,4.0
Aaron Gordon,ORL,Over 15.5 PTS+AST+REB,-137,Hit in 4 of his last 4 games vs ORL,100%,False,9.0
Aaron Gordon,ORL,Over 9.5 Points,-113,Hit in 4 of his last 4 games vs ORL,100%,False,9.0
Aaron Gordon,ORL,Over 0.5 3PTM,-129,Hit in 4 of his last 4 games vs ORL,100%,False,0.0
Aaron Gordon,ORL,Over 13.5 PTS+REB,-122,Hit in 4 of his last 4 games vs ORL,100%,False,13.0
Aaron Gordon,ORL,Over 11.5 PTS+AST,-106,Hit in 4 of his last 4 games vs ORL,100%,False,9.0
Aaron Gordon,ORL,Over 5.5 REB+AST,-142,Hit in 4 of his last 4 games vs ORL,100%,False,4.0
Julian Strawther,ORL,Over 0.5 Assists,-225,Hit in 4 of his last 4 games,100%,True,1.0
Julian Strawther,ORL,Over 0.5 Assists,-225,Hit in 11 of his last 11 away games,100%,True,1.0
Jamal Murray,ORL,Over 1.5 3PTM,-158,Hit in 4 of his last 4 games,100%,False,1.0
Russell Westbrook,ORL,Under 1.5 3PTM,-230,Hit in 4 of his last 4 games vs ORL,100%,True,1.0
Nikola Jokić,ORL,Under 1.5 3PTM,-142,Hit in 4 of his last 4 games,100%,True,0.0
Nikola Jokić,ORL,Over 20.5 REB+AST,-142,Hit in 4 of his last 4 games,100%,True,24.0
Nikola Jokić,ORL,Over 8.5 Assists,-125,Hit in 8 of his last 8 games,100%,True,10.0
Nikola Jokić,ORL,Over 8.5 Assists,-125,Hit in 5 of his last 5 away games,100%,True,10.0
Nikola Jokić,ORL,Over 11.5 Rebounds,-133,Hit in 4 of his last 4 games,100%,True,14.0
Paolo Banchero,DEN,Over 0.5 Blocks,-130,Hit in 4 of his last 4 home games,100%,True,1.0
Aaron Gordon,ORL,Over 4.5 Rebounds,114,Hit in 4 of his last 4 games vs ORL,100%,False,4.0
Nikola Jokić,ORL,Under 0.5 Blocks,-250,Hit in 4 of his last 4 games,100%,False,3.0
Anthony Black,DEN,Under 0.5 Blocks,-165,Hit in 4 of his last 4 games,100%,False,1.0
Jonathan Isaac,DEN,Under 0.5 Turnovers,-140,Hit in 7 of his last 7 games,100%,True,0.0
Kentavious Caldwell-Pope,DEN,Over 0.5 Turnovers,-200,Hit in 6 of his last 6 games,100%,True,1.0
Kentavious Caldwell-Pope,DEN,Under 1.5 Steals,-190,Hit in 4 of his last 4 games,100%,True,1.0
Aaron Gordon,ORL,Over 0.5 Turnovers,-210,Hit in 4 of his last 4 games vs ORL,100%,True,5.0
Shai Gilgeous-Alexander,BRO,Over 5.5 Assists,-142,Hit in 4 of his last 4 home games,100%,True,10.0
Shai Gilgeous-Alexander,BRO,Under 1.5 3PTM,-113,Hit in 5 of his last 5 games,100%,True,1.0
D'Angelo Russell,OKL,Over 19.5 PTS+AST,-113,Hit in 5 of his last 5 away games,100%,False,16.0
D'Angelo Russell,OKL,Over 22.5 PTS+AST+REB,-113,Hit in 6 of his last 6 away games,100%,False,16.0
Nic Claxton,OKL,Over 15.5 PTS+REB,-128,Hit in 4 of his last 4 games vs OKL,100%,True,16.0
Nic Claxton,OKL,Over 7.5 Rebounds,-102,Hit in 4 of his last 4 games vs OKL,100%,False,5.0
Nic Claxton,OKL,Over 10.5 PTS+AST,100,Hit in 4 of his last 4 games vs OKL,100%,True,11.0
Nic Claxton,OKL,Over 8.5 Points,-106,Hit in 4 of his last 4 games vs OKL,100%,True,11.0
Nic Claxton,OKL,Over 17.5 PTS+AST+REB,-142,Hit in 4 of his last 4 games vs OKL,100%,False,11.0
Nic Claxton,OKL,Over 9.5 REB+AST,104,Hit in 4 of his last 4 games vs OKL,100%,False,5.0
Nic Claxton,OKL,Over 0.5 Double Double,500,Hit in 4 of his last 4 games vs OKL,100%,False,0.0
Khris Middleton,PHI,Over 7.5 REB+AST,-138,Hit in 4 of his last 4 home games,100%,True,13.0
Khris Middleton,PHI,Over 3.5 Assists,-164,Hit in 4 of his last 4 games,100%,True,8.0
Khris Middleton,PHI,Under 3.5 Rebounds,104,Hit in 4 of his last 4 games,100%,False,5.0
Taurean Prince,PHI,Over 10.5 PTS+AST+REB,-113,Hit in 4 of his last 4 games vs PHI,100%,True,18.0
Taurean Prince,PHI,Over 5.5 Points,-130,Hit in 4 of his last 4 games vs PHI,100%,True,17.0
Taurean Prince,PHI,Over 7.5 PTS+AST,100,Hit in 4 of his last 4 games vs PHI,100%,True,18.0
Damian Lillard,PHI,Over 30.5 PTS+AST,-118,Hit in 4 of his last 4 home games,100%,True,37.0
Damian Lillard,PHI,Over 34.5 PTS+AST+REB,-122,Hit in 4 of his last 4 home games,100%,True,37.0
Bobby Portis,PHI,Under 9.5 REB+AST,-106,Hit in 6 of his last 6 games vs PHI,100%,False,11.0
Bobby Portis,PHI,Under 1.5 Assists,-120,Hit in 5 of his last 5 games,100%,False,3.0
Brook Lopez,PHI,Over 18.5 PTS+AST+REB,-113,Hit in 4 of his last 4 home games,100%,True,19.0
Brook Lopez,PHI,Over 6.5 REB+AST,-125,Hit in 4 of his last 4 home games,100%,True,10.0
Brook Lopez,PHI,Over 1.5 Assists,108,Hit in 4 of his last 4 games,100%,True,3.0
Brook Lopez,PHI,Over 12.5 PTS+AST,-129,Hit in 8 of his last 8 games vs PHI,100%,True,19.0
Brook Lopez,PHI,Over 12.5 PTS+AST,-129,Hit in 4 of his last 4 home games,100%,True,19.0
Tyrese Maxey,MIL,Under 3.5 3PTM,-150,Hit in 5 of his last 5 games,100%,False,6.0
Eric Gordon,MIL,Under 12.5 PTS+AST,-133,Hit in 4 of his last 4 games vs MIL,100%,False,20.0
Taurean Prince,PHI,Over 9.5 PTS+REB,104,Hit in 4 of his last 4 games vs PHI,100%,True,19.0
Damian Lillard,PHI,Over 10.5 REB+AST,-111,Hit in 6 of his last 6 games vs PHI,100%,False,9.0
Bobby Portis,PHI,Under 0.5 Steals,-130,Hit in 4 of his last 4 games,100%,True,0.0
Brook Lopez,PHI,Over 4.5 Rebounds,-162,Hit in 5 of his last 5 home games,100%,True,7.0
Giannis Antetokounmpo,PHI,Under 0.5 3PTM,-339,Hit in 10 of his last 10 games,100%,True,0.0
Shai Gilgeous-Alexander,BRO,Under 3.5 Turnovers,-185,Hit in 4 of his last 4 games vs BRO,100%,True,2.0
Shai Gilgeous-Alexander,BRO,Over 1.5 Steals,-190,Hit in 6 of his last 6 games,100%,True,4.0
Shai Gilgeous-Alexander,BRO,Under 2.5 STL+BLK,130,Hit in 4 of his last 4 games vs BRO,100%,False,5.0
D'Angelo Russell,OKL,Over 8.5 REB+AST,110,Hit in 5 of his last 5 away games,100%,True,11.0
Khris Middleton,PHI,Over 0.5 Steals,-155,Hit in 4 of his last 4 games,100%,False,0.0
Khris Middleton,PHI,Over 0.5 STL+BLK,-250,Hit in 4 of his last 4 games,100%,False,0.0
Bobby Portis,PHI,Over 0.5 STL+BLK,-250,Hit in 5 of his last 5 games vs PHI,100%,True,1.0
Giannis Antetokounmpo,PHI,Under 2.5 STL+BLK,-135,Hit in 4 of his last 4 games,100%,True,0.0
Eric Gordon,MIL,Under 14.5 PTS+AST+REB,-154,Hit in 4 of his last 4 games vs MIL,100%,False,20.0
Eric Gordon,MIL,Under 2.5 Assists,-185,Hit in 4 of his last 4 games vs MIL,100%,False,6.0
Damian Lillard,PHI,Over 28.5 PTS+REB,-106,Hit in 4 of his last 4 home games,100%,True,38.0
Kawhi Leonard,LAL,Over 22.5 PTS+AST+REB,-129,Hit in 7 of his last 7 games vs LAL,100%,True,25.0
Kawhi Leonard,LAL,Over 3.5 Rebounds,-166,Hit in 7 of his last 7 games vs LAL,100%,False,1.0
Kawhi Leonard,LAL,Under 6.5 REB+AST,-125,Hit in 4 of his last 4 games,100%,True,5.0
Kawhi Leonard,LAL,Over 20.5 PTS+REB,-115,Hit in 7 of his last 7 games vs LAL,100%,True,22.0
LeBron James,LAC,Over 29.5 PTS+REB,-113,Hit in 7 of his last 7 games vs LAC,100%,True,34.0
LeBron James,LAC,Under 8.5 Assists,-142,Hit in 7 of his last 7 games vs LAC,100%,False,11.0
LeBron James,LAC,Over 30.5 PTS+AST,-122,Hit in 6 of his last 6 games vs LAC,100%,True,40.0
Austin Reaves,LAC,Under 2.5 3PTM,-158,Hit in 4 of his last 4 games vs LAC,100%,True,2.0
Austin Reaves,LAC,Under 29.5 PTS+AST+REB,-122,Hit in 7 of his last 7 games vs LAC,100%,True,21.0
Austin Reaves,LAC,Under 18.5 Points,-122,Hit in 4 of his last 4 games vs LAC,100%,True,18.0
Austin Reaves,LAC,Under 22.5 PTS+REB,-118,Hit in 4 of his last 4 games vs LAC,100%,True,20.0
Max Christie,LAC,Under 12.5 PTS+AST,-129,Hit in 6 of his last 6 games vs LAC,100%,False,15.0
Max Christie,LAC,Under 5.5 REB+AST,-142,Hit in 6 of his last 6 games vs LAC,100%,True,2.0
Max Christie,LAC,Under 13.5 PTS+REB,-111,Hit in 6 of his last 6 games vs LAC,100%,False,15.0
Max Christie,LAC,Under 10.5 Points,-130,Hit in 6 of his last 6 games vs LAC,100%,False,14.0
Max Christie,LAC,Under 1.5 3PTM,-118,Hit in 6 of his last 6 games vs LAC,100%,False,2.0
Max Christie,LAC,Under 3.5 Rebounds,-130,Hit in 4 of his last 4 games,100%,True,1.0
Max Christie,LAC,Under 3.5 Rebounds,-130,Hit in 5 of his last 5 games vs LAC,100%,True,1.0
Max Christie,LAC,Under 15.5 PTS+AST+REB,-125,Hit in 6 of his last 6 games vs LAC,100%,True,15.0
Anthony Davis,LAC,Over 0.5 Double Double,-380,Hit in 7 of his last 7 games,100%,True,1.0
Anthony Davis,LAC,Over 0.5 Double Double,-380,Hit in 5 of his last 5 games vs LAC,100%,True,1.0
Anthony Davis,LAC,Under 0.5 3PTM,139,Hit in 6 of his last 6 games vs LAC,100%,True,0.0
Anthony Davis,LAC,Under 3.5 Assists,-150,Hit in 7 of his last 7 games vs LAC,100%,True,3.0
Anthony Davis,LAC,Under 12.5 Rebounds,-128,Hit in 7 of his last 7 games vs LAC,100%,True,10.0
Anthony Davis,LAC,Under 15.5 REB+AST,-108,Hit in 4 of his last 4 games,100%,True,13.0
Anthony Davis,LAC,Under 15.5 REB+AST,-108,Hit in 7 of his last 7 games vs LAC,100%,True,13.0
Shaedon Sharpe,CHI,Under 25.5 PTS+REB,-106,Hit in 4 of his last 4 games,100%,False,31.0
Josh Giddey,POR,Under 1.5 3PTM,-235,Hit in 4 of his last 4 games,100%,True,0.0
Josh Giddey,POR,Under 1.5 3PTM,-235,Hit in 4 of his last 4 games vs POR,100%,True,0.0
Coby White,POR,Over 4.5 Assists,-130,Hit in 4 of his last 4 away games,100%,False,0.0
Zach LaVine,POR,Over 9.5 REB+AST,-113,Hit in 4 of his last 4 games,100%,False,9.0
Zach LaVine,POR,Over 31.5 PTS+REB,-102,Hit in 4 of his last 4 away games,100%,True,35.0
Zach LaVine,POR,Over 4.5 Rebounds,-156,Hit in 5 of his last 5 games,100%,False,4.0
Zach LaVine,POR,Over 26.5 Points,102,Hit in 4 of his last 4 away games,100%,True,31.0
Domantas Sabonis,WAS,Over 0.5 3PTM,-166,Hit in 7 of his last 7 games,100%,True,2.0
Malik Monk,WAS,Over 25.5 PTS+AST,-118,Hit in 7 of his last 7 games,100%,True,33.0
Malik Monk,WAS,Over 25.5 PTS+AST,-118,Hit in 4 of his last 4 home games,100%,True,33.0
Trey Lyles,WAS,Over 6.5 REB+AST,-109,Hit in 4 of his last 4 home games,100%,False,5.0
DeMar DeRozan,WAS,Under 1.5 3PTM,-234,Hit in 5 of his last 5 games vs WAS,100%,True,0.0
DeMar DeRozan,WAS,Over 3.5 Assists,-148,Hit in 5 of his last 5 games vs WAS,100%,False,1.0
DeMar DeRozan,WAS,Over 7.5 REB+AST,-120,Hit in 5 of his last 5 games vs WAS,100%,False,7.0
Keegan Murray,WAS,Over 2.5 3PTM,102,Hit in 6 of his last 6 games,100%,False,0.0
Keegan Murray,WAS,Over 0.5 Assists,-234,Hit in 4 of his last 4 games vs WAS,100%,True,1.0
Keegan Murray,WAS,Over 0.5 Assists,-234,Hit in 5 of his last 5 home games,100%,True,1.0
Keegan Murray,WAS,Under 6.5 Rebounds,-113,Hit in 4 of his last 4 games vs WAS,100%,True,5.0
De'Aaron Fox,WAS,Under 11.5 REB+AST,-130,Hit in 4 of his last 4 games vs WAS,100%,False,18.0
Jordan Poole,SAC,Under 4.5 Assists,-162,Hit in 4 of his last 4 games vs SAC,100%,True,3.0
Corey Kispert,SAC,Over 4.5 REB+AST,-117,Hit in 4 of his last 4 games vs SAC,100%,False,4.0
Corey Kispert,SAC,Over 2.5 Rebounds,-137,Hit in 4 of his last 4 games vs SAC,100%,True,3.0
Kyle Kuzma,SAC,Over 14.5 Points,-122,Hit in 4 of his last 4 games vs SAC,100%,True,15.0
Kyle Kuzma,SAC,Over 1.5 3PTM,128,Hit in 4 of his last 4 games vs SAC,100%,False,1.0
Kyle Kuzma,SAC,Over 20.5 PTS+REB,-113,Hit in 4 of his last 4 games vs SAC,100%,True,22.0
Kyle Kuzma,SAC,Over 8.5 REB+AST,-111,Hit in 4 of his last 4 games vs SAC,100%,True,10.0
Kyle Kuzma,SAC,Over 23.5 PTS+AST+REB,-115,Hit in 4 of his last 4 games vs SAC,100%,False,18.0
Kyle Kuzma,SAC,Over 2.5 Assists,-146,Hit in 5 of his last 5 games,100%,True,3.0
Kyle Kuzma,SAC,Over 17.5 PTS+AST,-122,Hit in 4 of his last 4 games vs SAC,100%,True,18.0
Jonas Valančiūnas,SAC,Over 16.5 PTS+REB,-103,Hit in 8 of his last 8 games vs SAC,100%,True,35.0
Jonas Valančiūnas,SAC,Over 8.5 REB+AST,-142,Hit in 8 of his last 8 games vs SAC,100%,True,15.0
Jonas Valančiūnas,SAC,Over 8.5 REB+AST,-142,Hit in 6 of his last 6 away games,100%,True,15.0
Jonas Valančiūnas,SAC,Over 0.5 Double Double,400,Hit in 6 of his last 6 games vs SAC,100%,True,1.0
Jonas Valančiūnas,SAC,Over 6.5 Rebounds,-137,Hit in 6 of his last 6 games,100%,True,12.0
Jonas Valančiūnas,SAC,Over 6.5 Rebounds,-137,Hit in 8 of his last 8 games vs SAC,100%,True,12.0
Jonas Valančiūnas,SAC,Over 6.5 Rebounds,-137,Hit in 5 of his last 5 away games,100%,True,12.0
Jonas Valančiūnas,SAC,Over 11.5 PTS+AST,-113,Hit in 8 of his last 8 games vs SAC,100%,True,26.0
Jonas Valančiūnas,SAC,Over 9.5 Points,-106,Hit in 8 of his last 8 games vs SAC,100%,True,23.0
Jonas Valančiūnas,SAC,Over 18.5 PTS+AST+REB,-109,Hit in 8 of his last 8 games vs SAC,100%,True,26.0
Domantas Sabonis,WAS,Under 15.5 Rebounds,100,Hit in 4 of his last 4 games vs WAS,100%,False,18.0
Malik Monk,WAS,Over 10.5 REB+AST,100,Hit in 5 of his last 5 games,100%,False,5.0
Malik Monk,WAS,Over 19.5 Points,100,Hit in 4 of his last 4 home games,100%,True,29.0
Malik Monk,WAS,Over 29.5 PTS+AST+REB,-115,Hit in 6 of his last 6 games,100%,True,33.0
De'Aaron Fox,WAS,Under 32.5 PTS+AST,-113,Hit in 4 of his last 4 games,100%,True,25.0
De'Aaron Fox,WAS,Under 26.5 Points,-120,Hit in 4 of his last 4 games,100%,True,12.0
Jordan Poole,SAC,Under 3.5 Rebounds,-148,Hit in 6 of his last 6 games vs SAC,100%,True,1.0
LeBron James,LAC,Over 0.5 Steals,-200,Hit in 5 of his last 5 games,100%,True,3.0
LeBron James,LAC,Over 0.5 Steals,-200,Hit in 4 of his last 4 away games,100%,True,3.0
Austin Reaves,LAC,Under 24.5 PTS+AST,100,Hit in 7 of his last 7 games vs LAC,100%,True,21.0
Zach LaVine,POR,Over 30.5 PTS+AST,-115,Hit in 4 of his last 4 away games,100%,True,36.0
Zach LaVine,POR,Over 35.5 PTS+AST+REB,-118,Hit in 4 of his last 4 away games,100%,True,36.0
DeMar DeRozan,WAS,Under 1.5 Steals,-303,Hit in 7 of his last 7 games,100%,False,2.0
Jordan Poole,SAC,Under 3.5 Turnovers,-165,Hit in 10 of his last 10 games vs SAC,100%,False,6.0
Kawhi Leonard,LAL,Under 0.5 Blocks,-175,Hit in 5 of his last 5 games,100%,True,0.0
Kawhi Leonard,LAL,Over 0.5 Steals,-185,Hit in 4 of his last 4 games,100%,True,1.0
Kawhi Leonard,LAL,Over 0.5 Steals,-185,Hit in 4 of his last 4 games vs LAL,100%,True,1.0
Kawhi Leonard,LAL,Over 0.5 Steals,-185,Hit in 4 of his last 4 home games,100%,True,1.0
LeBron James,LAC,Over 38.5 PTS+AST+REB,-104,Hit in 6 of his last 6 games vs LAC,100%,True,40.0
Rui Hachimura,LAC,Over 0.5 Turnovers,-200,Hit in 11 of his last 11 games,100%,False,0.0
Rui Hachimura,LAC,Under 0.5 Blocks,-225,Hit in 5 of his last 5 games,100%,True,0.0
Rui Hachimura,LAC,Over 0.5 Steals,-175,Hit in 4 of his last 4 games,100%,False,0.0
Domantas Sabonis,WAS,Under 1.5 STL+BLK,-150,Hit in 4 of his last 4 games,100%,True,1.0
Malik Monk,WAS,Under 2.5 Turnovers,-190,Hit in 4 of his last 4 games,100%,True,0.0
Trey Lyles,WAS,Over 0.5 Assists,-250,Hit in 5 of his last 5 home games,100%,False,0.0
Trey Lyles,WAS,Over 0.5 Turnovers,100,Hit in 4 of his last 4 home games,100%,True,1.0
De'Aaron Fox,WAS,Over 0.5 Blocks,175,Hit in 4 of his last 4 games vs WAS,100%,True,1.0
De'Aaron Fox,WAS,Over 1.5 STL+BLK,-160,Hit in 4 of his last 4 games vs WAS,100%,True,3.0
Bilal Coulibaly,SAC,Over 1.5 Turnovers,-190,Hit in 7 of his last 7 games,100%,False,1.0
Bilal Coulibaly,SAC,Over 1.5 Turnovers,-190,Hit in 5 of his last 5 away games,100%,False,1.0
Corey Kispert,SAC,Over 0.5 Turnovers,-250,Hit in 4 of his last 4 games vs SAC,100%,False,0.0
Corey Kispert,SAC,Over 0.5 Turnovers,-250,Hit in 5 of his last 5 away games,100%,False,0.0
Kyle Kuzma,SAC,Under 0.5 Blocks,-375,Hit in 4 of his last 4 games,100%,True,0.0
Kyle Kuzma,SAC,Over 0.5 STL+BLK,-225,Hit in 4 of his last 4 games vs SAC,100%,True,1.0
Kawhi Leonard,LAL,Over 1.5 Assists,-194,Hit in 7 of his last 7 games vs LAL,100%,True,4.0
Kyle Kuzma,SAC,Over 1.5 Turnovers,-200,Hit in 5 of his last 5 away games,100%,True,4.0
Toumani Camara,CHI,Over 1.5 Assists,-142,Hit in 4 of his last 4 games,100%,True,2.0
Toumani Camara,CHI,Over 1.5 Assists,-142,Hit in 4 of his last 4 home games,100%,True,2.0
Toumani Camara,CHI,Over 0.5 Blocks,-110,Hit in 4 of his last 4 games,100%,True,1.0
Toumani Camara,CHI,Over 0.5 Blocks,-110,Hit in 4 of his last 4 home games,100%,True,1.0
Toumani Camara,CHI,Over 1.5 STL+BLK,-200,Hit in 4 of his last 4 games,100%,True,2.0
Toumani Camara,CHI,Over 1.5 STL+BLK,-200,Hit in 8 of his last 8 home games,100%,True,2.0
Jerami Grant,CHI,Over 0.5 Blocks,-160,Hit in 4 of his last 4 home games,100%,True,1.0
Jerami Grant,CHI,Under 0.5 Steals,115,Hit in 5 of his last 5 games,100%,True,0.0
Deandre Ayton,CHI,Under 1.5 Turnovers,-135,Hit in 4 of his last 4 games vs CHI,100%,True,0.0
Shaedon Sharpe,CHI,Under 1.5 STL+BLK,-175,Hit in 4 of his last 4 games,100%,True,0.0
Josh Giddey,POR,Under 1.5 Steals,-225,Hit in 7 of his last 7 games vs POR,100%,True,1.0
Zach LaVine,POR,Under 0.5 Blocks,-350,Hit in 5 of his last 5 games,100%,False,1.0
Malik Monk,WAS,Over 23.5 PTS+REB,100,Hit in 6 of his last 6 games,100%,True,30.0
Aaron Gordon,ORL,Over 1.5 Assists,-137,Hit in 19 of his last 20 away games,95%,False,0.0
Stephon Castle,MIA,Under 1.5 3PTM,-154,Hit in 14 of his last 15 games,93%,True,1.0
Jonathan Isaac,DEN,Under 2.5 STL+BLK,-135,Hit in 14 of his last 15 games,93%,True,2.0
Khris Middleton,PHI,Under 0.5 Blocks,-400,Hit in 12 of his last 13 games,92%,True,0.0
Jordan Poole,SAC,Under 26.5 PTS+AST,-120,Hit in 11 of his last 12 games vs SAC,92%,True,20.0
Jordan Poole,SAC,Under 22.5 Points,-130,Hit in 11 of his last 12 games vs SAC,92%,True,17.0
Carlton Carrington,SAC,Over 0.5 Turnovers,-225,Hit in 10 of his last 11 away games,91%,False,0.0
Nikola Vučević,POR,Over 2.5 Assists,-174,Hit in 10 of his last 11 away games,91%,True,7.0
LeBron James,LAC,Over 1.5 3PTM,-164,Hit in 9 of his last 10 games,90%,True,2.0
Bam Adebayo,SAS,Over 24.5 PTS+REB,-118,Hit in 8 of his last 9 home games,89%,False,17.0
Bam Adebayo,SAS,Over 15.5 Points,-118,Hit in 8 of his last 9 home games,89%,False,6.0
Cameron Johnson,OKL,Over 17.5 Points,-109,Hit in 8 of his last 9 games,89%,True,21.0
Cameron Johnson,OKL,Over 19.5 PTS+AST,-121,Hit in 8 of his last 9 games,89%,True,23.0
Cameron Johnson,OKL,Over 22.5 PTS+AST+REB,-129,Hit in 8 of his last 9 games,89%,True,23.0
Cameron Johnson,OKL,Over 20.5 PTS+REB,-113,Hit in 8 of his last 9 games,89%,True,23.0
Eric Gordon,MIL,Under 2.5 Assists,-185,Hit in 8 of his last 9 games,89%,False,6.0
Bilal Coulibaly,SAC,Over 3.5 Assists,-102,Hit in 8 of his last 9 away games,89%,False,0.0
Bilal Coulibaly,SAC,Under 1.5 3PTM,-224,Hit in 8 of his last 9 games,89%,True,0.0
Bilal Coulibaly,SAC,Under 18.5 PTS+AST+REB,-108,Hit in 8 of his last 9 games,89%,True,11.0
Trey Lyles,WAS,Over 0.5 Assists,-250,Hit in 8 of his last 9 games,89%,False,0.0
Kyle Kuzma,SAC,Over 1.5 Turnovers,-200,Hit in 8 of his last 9 games,89%,True,4.0
Brook Lopez,PHI,Under 1.5 Turnovers,-200,Hit in 15 of his last 17 games,88%,True,0.0
Patrick Williams,POR,Over 0.5 Turnovers,-210,Hit in 15 of his last 17 away games,88%,True,1.0
Haywood Highsmith,SAS,Over 0.5 Turnovers,-125,Hit in 7 of his last 8 home games,88%,True,1.0
Devin Vassell,MIA,Over 0.5 Steals,-250,Hit in 7 of his last 8 games,88%,True,1.0
Anthony Black,DEN,Under 0.5 3PTM,108,Hit in 7 of his last 8 games,88%,False,1.0
D'Angelo Russell,OKL,Over 2.5 Rebounds,-154,Hit in 7 of his last 8 away games,88%,True,4.0
Ziaire Williams,OKL,Over 17.5 PTS+AST+REB,-106,Hit in 7 of his last 8 games,88%,False,11.0
Ziaire Williams,OKL,Over 12.5 PTS+AST,-109,Hit in 7 of his last 8 games,88%,False,11.0
Brook Lopez,PHI,Over 18.5 PTS+AST+REB,-113,Hit in 7 of his last 8 games vs PHI,88%,True,19.0
Brook Lopez,PHI,Over 16.5 PTS+REB,-111,Hit in 7 of his last 8 games vs PHI,88%,True,23.0
Tyrese Maxey,MIL,Under 38.5 PTS+AST+REB,-113,Hit in 7 of his last 8 games vs MIL,88%,False,56.0
Tyrese Maxey,MIL,Under 34.5 PTS+AST,-106,Hit in 7 of his last 8 games vs MIL,88%,False,56.0
D'Angelo Russell,OKL,Over 0.5 Steals,-155,Hit in 7 of his last 8 games vs OKL,88%,True,1.0
D'Angelo Russell,OKL,Over 0.5 STL+BLK,-225,Hit in 7 of his last 8 games vs OKL,88%,True,1.0
Ziaire Williams,OKL,Over 0.5 Steals,-190,Hit in 7 of his last 8 games,88%,True,1.0
Eric Gordon,MIL,Over 0.5 Turnovers,-210,Hit in 7 of his last 8 games,88%,False,0.0
Trey Lyles,WAS,Over 6.5 REB+AST,-109,Hit in 7 of his last 8 games,88%,False,5.0
Jonas Valančiūnas,SAC,Over 8.5 REB+AST,-142,Hit in 14 of his last 16 games,88%,True,15.0
Bilal Coulibaly,SAC,Under 7.5 REB+AST,-111,Hit in 7 of his last 8 games,88%,True,4.0
Rui Hachimura,LAC,Under 1.5 STL+BLK,-190,Hit in 7 of his last 8 games,88%,True,0.0
Max Christie,LAC,Over 0.5 Steals,-250,Hit in 7 of his last 8 away games,88%,False,0.0
Kentavious Caldwell-Pope,DEN,Over 1.5 Assists,-154,Hit in 13 of his last 15 games,87%,True,4.0
Jerami Grant,CHI,Over 1.5 3PTM,-117,Hit in 13 of his last 15 home games,87%,True,2.0
Harrison Barnes,MIA,Over 1.5 Assists,-121,Hit in 6 of his last 7 games,86%,True,2.0
Stephon Castle,MIA,Under 7.5 REB+AST,-146,Hit in 6 of his last 7 games,86%,True,5.0
Devin Vassell,MIA,Over 3.5 Assists,-113,Hit in 6 of his last 7 away games,86%,False,2.0
Victor Wembanyama,MIA,Over 0.5 Double Double,-320,Hit in 6 of his last 7 games,86%,True,1.0
Chris Paul,MIA,Under 1.5 Steals,-235,Hit in 6 of his last 7 games,86%,True,0.0
Haywood Highsmith,SAS,Over 6.5 PTS+AST,-137,Hit in 6 of his last 7 games,86%,False,2.0
Nikola Jokić,ORL,Over 11.5 Rebounds,-133,Hit in 6 of his last 7 away games,86%,True,14.0
Kentavious Caldwell-Pope,DEN,Over 0.5 Turnovers,-200,Hit in 6 of his last 7 home games,86%,True,1.0
Kentavious Caldwell-Pope,DEN,Over 1.5 STL+BLK,-175,Hit in 12 of his last 14 home games,86%,False,1.0
Russell Westbrook,ORL,Under 1.5 Steals,-190,Hit in 6 of his last 7 games,86%,True,0.0
Russell Westbrook,ORL,Over 1.5 STL+BLK,-140,Hit in 12 of his last 14 away games,86%,False,0.0
Shai Gilgeous-Alexander,BRO,Over 37.5 PTS+AST,-106,Hit in 6 of his last 7 home games,86%,True,39.0
Shai Gilgeous-Alexander,BRO,Over 31.5 Points,100,Hit in 6 of his last 7 home games,86%,False,29.0
Shai Gilgeous-Alexander,BRO,Over 43.5 PTS+AST+REB,-121,Hit in 6 of his last 7 home games,86%,False,39.0
Ziaire Williams,OKL,Over 6.5 REB+AST,104,Hit in 6 of his last 7 games,86%,True,7.0
Cameron Johnson,OKL,Over 17.5 Points,-109,Hit in 6 of his last 7 away games,86%,True,21.0
Cameron Johnson,OKL,Over 19.5 PTS+AST,-121,Hit in 6 of his last 7 away games,86%,True,23.0
Cameron Johnson,OKL,Over 22.5 PTS+AST+REB,-129,Hit in 6 of his last 7 away games,86%,True,23.0
Cameron Johnson,OKL,Over 20.5 PTS+REB,-113,Hit in 6 of his last 7 away games,86%,True,23.0
Shai Gilgeous-Alexander,BRO,Over 36.5 PTS+REB,-122,Hit in 6 of his last 7 home games,86%,False,32.0
Cameron Johnson,OKL,Under 0.5 Blocks,-350,Hit in 6 of his last 7 games,86%,True,0.0
Khris Middleton,PHI,Under 1.5 Turnovers,110,Hit in 6 of his last 7 games,86%,True,1.0
Bobby Portis,PHI,Over 0.5 STL+BLK,-250,Hit in 12 of his last 14 home games,86%,True,1.0
Tyrese Maxey,MIL,Under 0.5 Blocks,-275,Hit in 6 of his last 7 games,86%,True,0.0
Damian Lillard,PHI,Over 28.5 PTS+REB,-106,Hit in 6 of his last 7 games,86%,True,38.0
LeBron James,LAC,Over 6.5 Rebounds,-146,Hit in 6 of his last 7 games vs LAC,86%,False,5.0
LeBron James,LAC,Over 1.5 3PTM,-164,Hit in 6 of his last 7 games vs LAC,86%,True,2.0
Austin Reaves,LAC,Under 6.5 Assists,-113,Hit in 6 of his last 7 games vs LAC,86%,True,3.0
Anthony Davis,LAC,Over 0.5 Double Double,-380,Hit in 12 of his last 14 away games,86%,True,1.0
Keegan Murray,WAS,Over 0.5 Assists,-234,Hit in 6 of his last 7 games,86%,True,1.0
Malik Monk,WAS,Over 19.5 Points,100,Hit in 6 of his last 7 games,86%,True,29.0
LeBron James,LAC,Over 0.5 Steals,-200,Hit in 6 of his last 7 games vs LAC,86%,True,3.0
Toumani Camara,CHI,Under 5.5 Rebounds,-102,Hit in 6 of his last 7 games,86%,False,6.0
LeBron James,LAC,Over 1.5 STL+BLK,115,Hit in 6 of his last 7 games vs LAC,86%,True,4.0
Jordan Poole,SAC,Under 0.5 Blocks,-300,Hit in 6 of his last 7 games,86%,True,0.0
Corey Kispert,SAC,Over 0.5 Turnovers,-250,Hit in 12 of his last 14 games,86%,False,0.0
Jerami Grant,CHI,Over 11.5 Points,-121,Hit in 6 of his last 7 home games,86%,True,22.0
Jerami Grant,CHI,Over 13.5 PTS+AST,-133,Hit in 6 of his last 7 home games,86%,True,22.0
Jerami Grant,CHI,Over 15.5 PTS+REB,-121,Hit in 6 of his last 7 home games,86%,True,23.0
Jerami Grant,CHI,Over 17.5 PTS+AST+REB,-129,Hit in 6 of his last 7 home games,86%,True,22.0
Jerami Grant,CHI,Over 0.5 Turnovers,-225,Hit in 6 of his last 7 home games,86%,True,2.0
Josh Giddey,POR,Over 2.5 Turnovers,140,Hit in 6 of his last 7 away games,86%,False,2.0
Patrick Williams,POR,Under 3.5 Rebounds,-142,Hit in 6 of his last 7 games,86%,True,3.0
Coby White,POR,Under 1.5 STL+BLK,-200,Hit in 12 of his last 14 games,86%,True,0.0
Aaron Gordon,ORL,Over 1.5 Assists,-137,Hit in 17 of his last 20 games,85%,False,0.0
Aaron Gordon,ORL,Over 5.5 REB+AST,-142,Hit in 17 of his last 20 away games,85%,False,4.0
Taurean Prince,PHI,Under 3.5 Rebounds,-174,Hit in 17 of his last 20 games,85%,True,2.0
Malik Monk,WAS,Under 1.5 Steals,-190,Hit in 17 of his last 20 games,85%,True,1.0
Kawhi Leonard,LAL,Over 1.5 Assists,-194,Hit in 17 of his last 20 games,85%,True,4.0
Bam Adebayo,SAS,Over 19.5 PTS+AST,-128,Hit in 11 of his last 13 home games,85%,False,11.0
Russell Westbrook,ORL,Over 5.5 Assists,-136,Hit in 11 of his last 13 games,85%,True,6.0
Shai Gilgeous-Alexander,BRO,Over 1.5 Steals,-190,Hit in 11 of his last 13 home games,85%,True,4.0
Corey Kispert,SAC,Over 1.5 3PTM,-160,Hit in 11 of his last 13 away games,85%,True,2.0
Nikola Vučević,POR,Over 2.5 Assists,-174,Hit in 11 of his last 13 games,85%,True,7.0
Cameron Johnson,OKL,Over 0.5 STL+BLK,-225,Hit in 16 of his last 19 games,84%,False,0.0
Kawhi Leonard,LAL,Over 22.5 PTS+AST+REB,-129,Hit in 16 of his last 19 home games,84%,True,25.0
Kawhi Leonard,LAL,Over 20.5 PTS+REB,-115,Hit in 16 of his last 19 home games,84%,True,22.0
Victor Wembanyama,MIA,Under 27.5 PTS+AST,-111,Hit in 5 of his last 6 games,83%,False,30.0
Devin Vassell,MIA,Over 4.5 Rebounds,-104,Hit in 5 of his last 6 away games,83%,False,3.0
Harrison Barnes,MIA,Under 0.5 Turnovers,-135,Hit in 5 of his last 6 games,83%,True,0.0
Tyler Herro,SAS,Under 2.5 Turnovers,-155,Hit in 5 of his last 6 games,83%,True,0.0
Jonathan Isaac,DEN,Over 0.5 Assists,-120,Hit in 5 of his last 6 home games,83%,True,1.0
Jamal Murray,ORL,Over 5.5 Assists,-106,Hit in 10 of his last 12 away games,83%,False,4.0
Russell Westbrook,ORL,Over 5.5 Rebounds,112,Hit in 5 of his last 6 away games,83%,False,5.0
Nikola Jokić,ORL,Over 1.5 Steals,-118,Hit in 5 of his last 6 games,83%,True,3.0
Nikola Jokić,ORL,Over 1.5 Steals,-118,Hit in 5 of his last 6 away games,83%,True,3.0
Jonathan Isaac,DEN,Over 1.5 Blocks,-120,Hit in 5 of his last 6 games,83%,True,2.0
Julian Strawther,ORL,Under 0.5 Steals,-145,Hit in 5 of his last 6 games,83%,False,2.0
Julian Strawther,ORL,Under 0.5 STL+BLK,105,Hit in 5 of his last 6 games,83%,False,2.0
D'Angelo Russell,OKL,Over 19.5 PTS+AST,-113,Hit in 5 of his last 6 games vs OKL,83%,False,16.0
Ziaire Williams,OKL,Over 6.5 REB+AST,104,Hit in 5 of his last 6 away games,83%,True,7.0
Ziaire Williams,OKL,Over 1.5 3PTM,-120,Hit in 5 of his last 6 away games,83%,False,1.0
Nic Claxton,OKL,Over 1.5 Assists,-121,Hit in 5 of his last 6 games,83%,False,0.0
Nic Claxton,OKL,Over 1.5 Assists,-121,Hit in 5 of his last 6 away games,83%,False,0.0
Damian Lillard,PHI,Over 30.5 PTS+AST,-118,Hit in 5 of his last 6 games,83%,True,37.0
Damian Lillard,PHI,Over 30.5 PTS+AST,-118,Hit in 5 of his last 6 games vs PHI,83%,True,37.0
Damian Lillard,PHI,Over 34.5 PTS+AST+REB,-122,Hit in 5 of his last 6 games,83%,True,37.0
Damian Lillard,PHI,Over 34.5 PTS+AST+REB,-122,Hit in 5 of his last 6 games vs PHI,83%,True,37.0
Bobby Portis,PHI,Under 1.5 3PTM,-215,Hit in 5 of his last 6 games,83%,True,0.0
Bobby Portis,PHI,Under 21.5 PTS+AST+REB,-129,Hit in 5 of his last 6 games,83%,True,9.0
Tyrese Maxey,MIL,Over 28.5 Points,-113,Hit in 5 of his last 6 games,83%,True,49.0
Eric Gordon,MIL,Over 1.5 3PTM,-166,Hit in 5 of his last 6 games,83%,True,2.0
Damian Lillard,PHI,Over 3.5 Rebounds,-166,Hit in 5 of his last 6 games vs PHI,83%,True,5.0
Brook Lopez,PHI,Over 4.5 Rebounds,-162,Hit in 5 of his last 6 games vs PHI,83%,True,7.0
Brook Lopez,PHI,Under 0.5 Steals,-120,Hit in 5 of his last 6 games vs PHI,83%,True,0.0
Tyrese Maxey,MIL,Over 2.5 Turnovers,-155,Hit in 5 of his last 6 away games,83%,False,2.0
Giannis Antetokounmpo,PHI,Under 0.5 3PTM,-339,Hit in 5 of his last 6 games vs PHI,83%,True,0.0
Ziaire Williams,OKL,Under 0.5 Blocks,-350,Hit in 5 of his last 6 games,83%,False,1.0
Cameron Johnson,OKL,Over 0.5 STL+BLK,-225,Hit in 10 of his last 12 away games,83%,False,0.0
Tyrese Maxey,MIL,Under 0.5 Blocks,-275,Hit in 5 of his last 6 games vs MIL,83%,True,0.0
Kawhi Leonard,LAL,Over 18.5 PTS+AST,-117,Hit in 5 of his last 6 games vs LAL,83%,True,25.0
Kawhi Leonard,LAL,Over 16.5 Points,-111,Hit in 5 of his last 6 games vs LAL,83%,True,21.0
LeBron James,LAC,Under 15.5 REB+AST,-115,Hit in 5 of his last 6 games vs LAC,83%,False,16.0
Domantas Sabonis,WAS,Over 6.5 Assists,-148,Hit in 5 of his last 6 games,83%,False,4.0
Trey Lyles,WAS,Under 8.5 PTS+AST,-113,Hit in 5 of his last 6 games,83%,True,4.0
Carlton Carrington,SAC,Under 7.5 REB+AST,-104,Hit in 5 of his last 6 games,83%,False,9.0
Carlton Carrington,SAC,Under 8.5 Points,-130,Hit in 5 of his last 6 games,83%,True,6.0
Kyle Kuzma,SAC,Under 5.5 Rebounds,-113,Hit in 5 of his last 6 games,83%,False,7.0
Domantas Sabonis,WAS,Over 19.5 Points,-102,Hit in 5 of his last 6 games,83%,True,33.0
Bilal Coulibaly,SAC,Over 3.5 Rebounds,-172,Hit in 10 of his last 12 away games,83%,True,4.0
Jordan Poole,SAC,Over 7.5 REB+AST,-111,Hit in 10 of his last 12 away games,83%,False,4.0
Rui Hachimura,LAC,Over 0.5 Turnovers,-200,Hit in 5 of his last 6 away games,83%,False,0.0
Max Christie,LAC,Over 0.5 Turnovers,-210,Hit in 5 of his last 6 games,83%,True,1.0
Max Christie,LAC,Under 0.5 Blocks,-225,Hit in 5 of his last 6 games vs LAC,83%,False,1.0
Max Christie,LAC,Under 1.5 STL+BLK,-140,Hit in 5 of his last 6 games vs LAC,83%,True,1.0
Anthony Davis,LAC,Over 3.5 STL+BLK,-105,Hit in 5 of his last 6 games,83%,True,4.0
Jerami Grant,CHI,Over 0.5 Turnovers,-225,Hit in 10 of his last 12 games,83%,True,2.0
Jerami Grant,CHI,Over 0.5 Blocks,-160,Hit in 5 of his last 6 games,83%,True,1.0
Deandre Ayton,CHI,Over 14.5 PTS+AST,-106,Hit in 5 of his last 6 home games,83%,True,17.0
Patrick Williams,POR,Under 10.5 PTS+AST,-133,Hit in 5 of his last 6 games,83%,False,20.0
Patrick Williams,POR,Under 13.5 PTS+AST+REB,-117,Hit in 5 of his last 6 games,83%,False,20.0
Patrick Williams,POR,Over 4.5 REB+AST,-154,Hit in 14 of his last 17 away games,82%,False,4.0
Victor Wembanyama,MIA,Over 3.5 Assists,-128,Hit in 9 of his last 11 away games,82%,False,3.0
Bam Adebayo,SAS,Over 29.5 PTS+AST+REB,-102,Hit in 9 of his last 11 home games,82%,False,11.0
Chris Paul,MIA,Under 1.5 Turnovers,-160,Hit in 9 of his last 11 games,82%,True,0.0
Jonathan Isaac,DEN,Over 0.5 Assists,-120,Hit in 9 of his last 11 games,82%,True,1.0
Eric Gordon,MIL,Under 1.5 STL+BLK,-165,Hit in 9 of his last 11 games,82%,True,1.0
Kyle Kuzma,SAC,Over 0.5 STL+BLK,-225,Hit in 9 of his last 11 games,82%,True,1.0
Nikola Vučević,POR,Over 0.5 Double Double,-275,Hit in 9 of his last 11 games,82%,True,1.0
Jonathan Isaac,DEN,Under 14.5 PTS+AST+REB,-133,Hit in 13 of his last 16 games,81%,False,15.0
Jonathan Isaac,DEN,Under 13.5 PTS+REB,-125,Hit in 13 of his last 16 games,81%,False,20.0
Aaron Gordon,ORL,Over 11.5 PTS+AST,-106,Hit in 13 of his last 16 away games,81%,False,9.0
Eric Gordon,MIL,Under 0.5 Blocks,-250,Hit in 13 of his last 16 games,81%,False,1.0
De'Aaron Fox,WAS,Under 2.5 3PTM,-146,Hit in 13 of his last 16 games,81%,True,0.0
Tyler Herro,SAS,Over 29.5 PTS+REB,-111,Hit in 4 of his last 5 games,80%,False,28.0
Tyler Herro,SAS,Over 34.5 PTS+AST+REB,-113,Hit in 4 of his last 5 games,80%,False,29.0
Tyler Herro,SAS,Over 3.5 3PTM,-132,Hit in 4 of his last 5 games,80%,False,2.0
Haywood Highsmith,SAS,Under 3.5 Rebounds,-166,Hit in 4 of his last 5 games,80%,True,3.0
Chris Paul,MIA,Over 1.5 3PTM,-113,Hit in 4 of his last 5 games,80%,True,3.0
Chris Paul,MIA,Over 8.5 Assists,116,Hit in 4 of his last 5 away games,80%,True,9.0
Harrison Barnes,MIA,Over 5.5 REB+AST,-121,Hit in 4 of his last 5 games,80%,True,7.0
Harrison Barnes,MIA,Over 3.5 Rebounds,-146,Hit in 4 of his last 5 away games,80%,True,5.0
Stephon Castle,MIA,Over 3.5 Assists,-154,Hit in 4 of his last 5 games,80%,False,1.0
Chris Paul,MIA,Over 4.5 Rebounds,124,Hit in 4 of his last 5 away games,80%,False,4.0
Victor Wembanyama,MIA,Over 0.5 Steals,-210,Hit in 12 of his last 15 away games,80%,False,0.0
Bam Adebayo,SAS,Under 1.5 Turnovers,120,Hit in 4 of his last 5 games,80%,False,3.0
Anthony Black,DEN,Under 3.5 Assists,-133,Hit in 16 of his last 20 games,80%,False,5.0
Paolo Banchero,DEN,Under 11.5 REB+AST,108,Hit in 4 of his last 5 games,80%,False,12.0
Paolo Banchero,DEN,Under 4.5 Assists,112,Hit in 4 of his last 5 games,80%,False,5.0
Jonathan Isaac,DEN,Under 5.5 Rebounds,-113,Hit in 16 of his last 20 games,80%,False,6.0
Jonathan Isaac,DEN,Under 6.5 REB+AST,-113,Hit in 16 of his last 20 games,80%,False,7.0
Kentavious Caldwell-Pope,DEN,Over 3.5 REB+AST,-121,Hit in 8 of his last 10 home games,80%,True,5.0
Aaron Gordon,ORL,Over 11.5 PTS+AST,-106,Hit in 16 of his last 20 games,80%,False,9.0
Julian Strawther,ORL,Over 9.5 PTS+REB,-113,Hit in 8 of his last 10 games,80%,True,12.0
Julian Strawther,ORL,Over 10.5 PTS+AST+REB,-109,Hit in 8 of his last 10 games,80%,False,10.0
Julian Strawther,ORL,Under 1.5 Rebounds,120,Hit in 4 of his last 5 games,80%,False,3.0
Jamal Murray,ORL,Over 1.5 3PTM,-158,Hit in 4 of his last 5 away games,80%,False,1.0
Russell Westbrook,ORL,Over 5.5 Assists,-136,Hit in 4 of his last 5 away games,80%,True,6.0
Nikola Jokić,ORL,Over 20.5 REB+AST,-142,Hit in 4 of his last 5 away games,80%,True,24.0
Jamal Murray,ORL,Over 1.5 Steals,120,Hit in 4 of his last 5 away games,80%,False,1.0
Paolo Banchero,DEN,Under 1.5 STL+BLK,-140,Hit in 4 of his last 5 games,80%,False,3.0
Kentavious Caldwell-Pope,DEN,Over 1.5 STL+BLK,-175,Hit in 12 of his last 15 games,80%,False,1.0
Aaron Gordon,ORL,Over 0.5 Turnovers,-210,Hit in 12 of his last 15 away games,80%,True,5.0
Jamal Murray,ORL,Under 0.5 Blocks,-165,Hit in 4 of his last 5 games,80%,True,0.0
Jamal Murray,ORL,Over 1.5 STL+BLK,-160,Hit in 4 of his last 5 away games,80%,False,1.0
Paolo Banchero,DEN,Under 7.5 Rebounds,-158,Hit in 4 of his last 5 games,80%,True,7.0
Shai Gilgeous-Alexander,BRO,Under 11.5 REB+AST,-104,Hit in 4 of his last 5 games,80%,False,13.0
Shai Gilgeous-Alexander,BRO,Under 5.5 Rebounds,102,Hit in 4 of his last 5 games,80%,True,3.0
D'Angelo Russell,OKL,Over 19.5 PTS+AST,-113,Hit in 4 of his last 5 games,80%,False,16.0
D'Angelo Russell,OKL,Over 22.5 PTS+AST+REB,-113,Hit in 4 of his last 5 games,80%,False,16.0
Ziaire Williams,OKL,Over 17.5 PTS+AST+REB,-106,Hit in 4 of his last 5 away games,80%,False,11.0
Ziaire Williams,OKL,Over 12.5 PTS+AST,-109,Hit in 4 of his last 5 away games,80%,False,11.0
Ziaire Williams,OKL,Over 1.5 3PTM,-120,Hit in 4 of his last 5 games,80%,False,1.0
Khris Middleton,PHI,Over 3.5 Assists,-164,Hit in 16 of his last 20 home games,80%,True,8.0
Bobby Portis,PHI,Under 9.5 REB+AST,-106,Hit in 4 of his last 5 games,80%,False,11.0
Giannis Antetokounmpo,PHI,Under 18.5 REB+AST,-125,Hit in 4 of his last 5 games,80%,False,21.0
Brook Lopez,PHI,Under 1.5 3PTM,-106,Hit in 4 of his last 5 games,80%,False,2.0
Tyrese Maxey,MIL,Over 3.5 Rebounds,102,Hit in 4 of his last 5 games vs MIL,80%,True,6.0
Tyrese Maxey,MIL,Under 6.5 Assists,-160,Hit in 4 of his last 5 games,80%,False,7.0
Eric Gordon,MIL,Under 12.5 PTS+AST,-133,Hit in 16 of his last 20 games,80%,False,20.0
Damian Lillard,PHI,Over 3.5 Rebounds,-166,Hit in 16 of his last 20 home games,80%,True,5.0
Damian Lillard,PHI,Under 1.5 Steals,-200,Hit in 4 of his last 5 games vs PHI,80%,True,1.0
Bobby Portis,PHI,Over 7.5 Rebounds,-130,Hit in 8 of his last 10 home games,80%,True,8.0
Brook Lopez,PHI,Under 0.5 Steals,-120,Hit in 4 of his last 5 games,80%,True,0.0
Giannis Antetokounmpo,PHI,Over 5.5 Assists,-120,Hit in 4 of his last 5 games vs PHI,80%,True,6.0
Shai Gilgeous-Alexander,BRO,Under 3.5 Turnovers,-185,Hit in 8 of his last 10 games,80%,True,2.0
D'Angelo Russell,OKL,Over 8.5 REB+AST,110,Hit in 4 of his last 5 games,80%,True,11.0
D'Angelo Russell,OKL,Over 0.5 Steals,-155,Hit in 4 of his last 5 games,80%,True,1.0
D'Angelo Russell,OKL,Over 0.5 STL+BLK,-225,Hit in 4 of his last 5 games,80%,True,1.0
Ziaire Williams,OKL,Over 0.5 Steals,-190,Hit in 4 of his last 5 away games,80%,True,1.0
Bobby Portis,PHI,Over 0.5 Blocks,150,Hit in 4 of his last 5 games vs PHI,80%,True,1.0
Eric Gordon,MIL,Under 14.5 PTS+AST+REB,-154,Hit in 16 of his last 20 games,80%,False,20.0
Kawhi Leonard,LAL,Over 18.5 PTS+AST,-117,Hit in 16 of his last 20 home games,80%,True,25.0
Kawhi Leonard,LAL,Over 1.5 3PTM,112,Hit in 4 of his last 5 games vs LAL,80%,False,1.0
LeBron James,LAC,Under 22.5 Points,-115,Hit in 4 of his last 5 games,80%,False,29.0
Austin Reaves,LAC,Under 3.5 Rebounds,126,Hit in 4 of his last 5 games,80%,True,2.0
Austin Reaves,LAC,Under 22.5 PTS+REB,-118,Hit in 4 of his last 5 games,80%,True,20.0
Max Christie,LAC,Over 1.5 Assists,-113,Hit in 8 of his last 10 games,80%,False,1.0
Toumani Camara,CHI,Over 10.5 Points,-115,Hit in 8 of his last 10 games,80%,False,0.0
Shaedon Sharpe,CHI,Under 21.5 Points,-122,Hit in 8 of his last 10 games,80%,False,27.0
Josh Giddey,POR,Over 7.5 Rebounds,100,Hit in 4 of his last 5 games,80%,False,3.0
Coby White,POR,Over 4.5 Assists,-130,Hit in 4 of his last 5 games,80%,False,0.0
Domantas Sabonis,WAS,Over 6.5 Assists,-148,Hit in 4 of his last 5 home games,80%,False,4.0
Malik Monk,WAS,Over 6.5 Assists,100,Hit in 4 of his last 5 games,80%,False,4.0
DeMar DeRozan,WAS,Over 3.5 Assists,-148,Hit in 4 of his last 5 games,80%,False,1.0
DeMar DeRozan,WAS,Over 25.5 PTS+REB,-125,Hit in 4 of his last 5 games,80%,True,30.0
DeMar DeRozan,WAS,Over 25.5 PTS+REB,-125,Hit in 4 of his last 5 games vs WAS,80%,True,30.0
Keegan Murray,WAS,Over 13.5 PTS+AST,-133,Hit in 4 of his last 5 games,80%,False,5.0
Keegan Murray,WAS,Over 20.5 PTS+AST+REB,-129,Hit in 4 of his last 5 games,80%,False,5.0
Carlton Carrington,SAC,Under 12.5 PTS+AST,-120,Hit in 4 of his last 5 games,80%,True,9.0
Carlton Carrington,SAC,Under 3.5 Assists,114,Hit in 4 of his last 5 games,80%,True,3.0
Jordan Poole,SAC,Under 4.5 Assists,-162,Hit in 4 of his last 5 games,80%,True,3.0
Jordan Poole,SAC,Over 3.5 3PTM,-128,Hit in 4 of his last 5 away games,80%,False,3.0
Jordan Poole,SAC,Under 26.5 PTS+AST,-120,Hit in 4 of his last 5 games,80%,True,20.0
DeMar DeRozan,WAS,Over 29.5 PTS+AST+REB,-128,Hit in 4 of his last 5 games,80%,False,25.0
DeMar DeRozan,WAS,Over 29.5 PTS+AST+REB,-128,Hit in 4 of his last 5 games vs WAS,80%,False,25.0
DeMar DeRozan,WAS,Over 22.5 Points,-104,Hit in 4 of his last 5 games,80%,True,24.0
DeMar DeRozan,WAS,Over 22.5 Points,-104,Hit in 4 of his last 5 games vs WAS,80%,True,24.0
Keegan Murray,WAS,Over 18.5 PTS+REB,-120,Hit in 4 of his last 5 games,80%,False,9.0
Keegan Murray,WAS,Over 11.5 Points,-130,Hit in 4 of his last 5 games,80%,False,4.0
Jordan Poole,SAC,Under 22.5 Points,-130,Hit in 4 of his last 5 games,80%,True,17.0
LeBron James,LAC,Over 0.5 Blocks,145,Hit in 4 of his last 5 games vs LAC,80%,True,1.0
Anthony Davis,LAC,Under 2.5 Turnovers,-135,Hit in 4 of his last 5 games vs LAC,80%,False,3.0
Nikola Vučević,POR,Over 11.5 Rebounds,100,Hit in 4 of his last 5 games,80%,False,11.0
Jordan Poole,SAC,Over 25.5 PTS+REB,-108,Hit in 4 of his last 5 away games,80%,False,18.0
Jordan Poole,SAC,Over 29.5 PTS+AST+REB,-115,Hit in 4 of his last 5 away games,80%,False,20.0
Domantas Sabonis,WAS,Over 2.5 Turnovers,140,Hit in 4 of his last 5 games,80%,True,5.0
DeMar DeRozan,WAS,Over 26.5 PTS+AST,-104,Hit in 4 of his last 5 games,80%,False,25.0
DeMar DeRozan,WAS,Over 26.5 PTS+AST,-104,Hit in 4 of his last 5 games vs WAS,80%,False,25.0
Kawhi Leonard,LAL,Under 1.5 STL+BLK,-150,Hit in 4 of his last 5 games,80%,True,1.0
Austin Reaves,LAC,Under 2.5 Turnovers,-185,Hit in 4 of his last 5 games,80%,False,5.0
Malik Monk,WAS,Under 0.5 Blocks,-155,Hit in 8 of his last 10 games,80%,False,1.0
Malik Monk,WAS,Over 1.5 STL+BLK,-155,Hit in 4 of his last 5 games,80%,True,2.0
Trey Lyles,WAS,Under 0.5 Steals,-110,Hit in 4 of his last 5 games,80%,False,1.0
Trey Lyles,WAS,Under 1.5 STL+BLK,-250,Hit in 4 of his last 5 games,80%,True,1.0
De'Aaron Fox,WAS,Over 0.5 Blocks,175,Hit in 4 of his last 5 games,80%,True,1.0
Bilal Coulibaly,SAC,Over 0.5 Blocks,100,Hit in 4 of his last 5 away games,80%,False,0.0
Carlton Carrington,SAC,Over 0.5 Steals,-120,Hit in 4 of his last 5 games,80%,False,0.0
Carlton Carrington,SAC,Over 0.5 STL+BLK,-175,Hit in 4 of his last 5 games,80%,False,0.0
Kawhi Leonard,LAL,Over 1.5 Assists,-194,Hit in 16 of his last 20 home games,80%,True,4.0
Toumani Camara,CHI,Under 1.5 Turnovers,-225,Hit in 4 of his last 5 games,80%,False,3.0
Toumani Camara,CHI,Over 1.5 Steals,110,Hit in 4 of his last 5 home games,80%,False,1.0
Jerami Grant,CHI,Under 2.5 Assists,-184,Hit in 4 of his last 5 games,80%,True,0.0
Jerami Grant,CHI,Over 3.5 Rebounds,-125,Hit in 4 of his last 5 home games,80%,False,1.0
Jerami Grant,CHI,Under 5.5 REB+AST,108,Hit in 4 of his last 5 games,80%,True,1.0
Deandre Ayton,CHI,Under 1.5 Turnovers,-135,Hit in 4 of his last 5 games,80%,True,0.0
Deandre Ayton,CHI,Under 0.5 Steals,105,Hit in 4 of his last 5 games,80%,True,0.0
Deandre Ayton,CHI,Under 1.5 STL+BLK,100,Hit in 4 of his last 5 games,80%,False,2.0
Shaedon Sharpe,CHI,Over 7.5 REB+AST,-130,Hit in 4 of his last 5 games,80%,False,7.0
Shaedon Sharpe,CHI,Over 2.5 Turnovers,125,Hit in 4 of his last 5 games,80%,True,3.0
Shaedon Sharpe,CHI,Over 2.5 Turnovers,125,Hit in 4 of his last 5 home games,80%,True,3.0
Nikola Vučević,POR,Over 14.5 REB+AST,-113,Hit in 4 of his last 5 games,80%,True,18.0
Zach LaVine,POR,Under 3.5 Turnovers,-165,Hit in 8 of his last 10 games,80%,False,4.0
Zach LaVine,POR,Under 1.5 Steals,-250,Hit in 16 of his last 20 games,80%,False,2.0
Aaron Gordon,ORL,Over 0.5 Turnovers,-210,Hit in 11 of his last 14 games,79%,True,5.0
D'Angelo Russell,OKL,Under 2.5 Turnovers,-140,Hit in 11 of his last 14 games,79%,False,3.0
Jonas Valančiūnas,SAC,Over 18.5 PTS+AST+REB,-109,Hit in 11 of his last 14 games,79%,True,26.0
Trey Lyles,WAS,Under 0.5 Blocks,-225,Hit in 11 of his last 14 games,79%,True,0.0
Keegan Murray,WAS,Over 0.5 Turnovers,-160,Hit in 11 of his last 14 home games,79%,True,1.0
Bilal Coulibaly,SAC,Over 1.5 STL+BLK,-135,Hit in 11 of his last 14 away games,79%,False,0.0
Russell Westbrook,ORL,Over 5.5 Rebounds,112,Hit in 7 of his last 9 games,78%,False,5.0
Russell Westbrook,ORL,Over 24.5 PTS+AST+REB,-104,Hit in 7 of his last 9 away games,78%,False,20.0
Russell Westbrook,ORL,Over 18.5 PTS+REB,-104,Hit in 7 of his last 9 away games,78%,True,19.0
Giannis Antetokounmpo,PHI,Over 0.5 Steals,-210,Hit in 7 of his last 9 home games,78%,False,0.0
Khris Middleton,PHI,Over 0.5 Steals,-155,Hit in 7 of his last 9 home games,78%,False,0.0
Khris Middleton,PHI,Over 0.5 STL+BLK,-250,Hit in 7 of his last 9 home games,78%,False,0.0
Kawhi Leonard,LAL,Over 3.5 Rebounds,-166,Hit in 14 of his last 18 home games,78%,False,1.0
LeBron James,LAC,Under 15.5 REB+AST,-115,Hit in 7 of his last 9 games,78%,False,16.0
Zach LaVine,POR,Over 31.5 PTS+REB,-102,Hit in 7 of his last 9 games,78%,True,35.0
Bilal Coulibaly,SAC,Under 14.5 PTS+AST,-113,Hit in 7 of his last 9 games,78%,True,11.0
Anthony Davis,LAC,Under 2.5 Blocks,-200,Hit in 7 of his last 9 games,78%,False,3.0
Zach LaVine,POR,Over 35.5 PTS+AST+REB,-118,Hit in 7 of his last 9 games,78%,True,36.0
Bilal Coulibaly,SAC,Under 1.5 Steals,-250,Hit in 7 of his last 9 games,78%,True,0.0
Shaedon Sharpe,CHI,Over 0.5 Steals,-210,Hit in 7 of his last 9 games,78%,False,0.0
Giannis Antetokounmpo,PHI,Over 29.5 Points,-120,Hit in 10 of his last 13 home games,77%,True,34.0
Kawhi Leonard,LAL,Over 3.5 Rebounds,-166,Hit in 10 of his last 13 games,77%,False,1.0
Coby White,POR,Under 3.5 Rebounds,-113,Hit in 10 of his last 13 games,77%,True,3.0
Jordan Poole,SAC,Under 0.5 Blocks,-300,Hit in 10 of his last 13 games vs SAC,77%,True,0.0
Tyler Herro,SAS,Over 23.5 Points,-115,Hit in 3 of his last 4 games,75%,False,22.0
Tyler Herro,SAS,Over 28.5 PTS+AST,-120,Hit in 3 of his last 4 games,75%,True,29.0
Tyler Herro,SAS,Under 10.5 REB+AST,-111,Hit in 3 of his last 4 games,75%,False,13.0
Tyler Herro,SAS,Under 5.5 Rebounds,-118,Hit in 3 of his last 4 games,75%,False,6.0
Haywood Highsmith,SAS,Over 8.5 PTS+REB,-132,Hit in 3 of his last 4 games,75%,False,5.0
Haywood Highsmith,SAS,Over 1.5 3PTM,164,Hit in 3 of his last 4 games,75%,False,0.0
Haywood Highsmith,SAS,Over 5.5 Points,-120,Hit in 3 of his last 4 games,75%,False,2.0
Haywood Highsmith,SAS,Over 10.5 PTS+AST+REB,-106,Hit in 3 of his last 4 games,75%,False,2.0
Victor Wembanyama,MIA,Over 2.5 3PTM,-146,Hit in 6 of his last 8 away games,75%,True,3.0
Harrison Barnes,MIA,Over 5.5 REB+AST,-121,Hit in 3 of his last 4 games vs MIA,75%,True,7.0
Harrison Barnes,MIA,Over 5.5 REB+AST,-121,Hit in 3 of his last 4 away games,75%,True,7.0
Harrison Barnes,MIA,Over 12.5 PTS+AST,-109,Hit in 3 of his last 4 games,75%,True,14.0
Harrison Barnes,MIA,Over 3.5 Rebounds,-146,Hit in 3 of his last 4 games vs MIA,75%,True,5.0
Harrison Barnes,MIA,Over 1.5 Assists,-121,Hit in 3 of his last 4 away games,75%,True,2.0
Harrison Barnes,MIA,Over 10.5 Points,-111,Hit in 3 of his last 4 games,75%,True,12.0
Stephon Castle,MIA,Over 3.5 Assists,-154,Hit in 3 of his last 4 away games,75%,False,1.0
Devin Vassell,MIA,Under 18.5 Points,-130,Hit in 3 of his last 4 games vs MIA,75%,False,31.0
Devin Vassell,MIA,Over 4.5 Rebounds,-104,Hit in 3 of his last 4 games,75%,False,3.0
Devin Vassell,MIA,Under 2.5 3PTM,-130,Hit in 3 of his last 4 games vs MIA,75%,False,4.0
Bam Adebayo,SAS,Under 4.5 Assists,-166,Hit in 3 of his last 4 games vs SAS,75%,False,5.0
Victor Wembanyama,MIA,Over 0.5 Double Double,-320,Hit in 3 of his last 4 away games,75%,True,1.0
Stephon Castle,MIA,Under 3.5 Rebounds,-174,Hit in 15 of his last 20 games,75%,False,4.0
Bam Adebayo,SAS,Under 1.5 Steals,-200,Hit in 3 of his last 4 games vs SAS,75%,True,1.0
Tyler Herro,SAS,Under 0.5 Steals,120,Hit in 3 of his last 4 games,75%,False,1.0
Victor Wembanyama,MIA,Under 3.5 Turnovers,-130,Hit in 3 of his last 4 games,75%,True,3.0
Devin Vassell,MIA,Under 21.5 PTS+AST,-108,Hit in 3 of his last 4 games vs MIA,75%,False,33.0
Bam Adebayo,SAS,Under 1.5 Turnovers,120,Hit in 3 of his last 4 games vs SAS,75%,False,3.0
Bam Adebayo,SAS,Under 1.5 STL+BLK,125,Hit in 3 of his last 4 games vs SAS,75%,False,2.0
Tyler Herro,SAS,Under 0.5 STL+BLK,150,Hit in 3 of his last 4 games,75%,False,1.0
Haywood Highsmith,SAS,Over 1.5 STL+BLK,135,Hit in 3 of his last 4 games,75%,False,0.0
Victor Wembanyama,MIA,Over 4.5 STL+BLK,-115,Hit in 6 of his last 8 away games,75%,False,1.0
Harrison Barnes,MIA,Under 0.5 Steals,-175,Hit in 3 of his last 4 games vs MIA,75%,True,0.0
Harrison Barnes,MIA,Under 0.5 STL+BLK,-120,Hit in 3 of his last 4 games vs MIA,75%,True,0.0
Stephon Castle,MIA,Over 0.5 STL+BLK,-225,Hit in 12 of his last 16 away games,75%,False,0.0
Devin Vassell,MIA,Over 0.5 Steals,-250,Hit in 3 of his last 4 games vs MIA,75%,True,1.0
Devin Vassell,MIA,Over 1.5 STL+BLK,115,Hit in 3 of his last 4 away games,75%,True,3.0
Anthony Black,DEN,Under 6.5 REB+AST,-148,Hit in 15 of his last 20 games,75%,True,6.0
Anthony Black,DEN,Over 16.5 PTS+AST+REB,-148,Hit in 3 of his last 4 games,75%,True,21.0
Anthony Black,DEN,Over 14.5 PTS+AST,-106,Hit in 3 of his last 4 games,75%,True,21.0
Anthony Black,DEN,Over 13.5 PTS+REB,-109,Hit in 3 of his last 4 games,75%,True,17.0
Anthony Black,DEN,Over 10.5 Points,-113,Hit in 3 of his last 4 games,75%,True,16.0
Paolo Banchero,DEN,Under 30.5 PTS+AST,-104,Hit in 3 of his last 4 games vs DEN,75%,True,15.0
Paolo Banchero,DEN,Under 37.5 PTS+AST+REB,-104,Hit in 3 of his last 4 games vs DEN,75%,True,15.0
Paolo Banchero,DEN,Under 4.5 Assists,112,Hit in 3 of his last 4 games vs DEN,75%,False,5.0
Jonathan Isaac,DEN,Over 7.5 Points,-104,Hit in 3 of his last 4 games,75%,True,14.0
Kentavious Caldwell-Pope,DEN,Under 1.5 Rebounds,100,Hit in 3 of his last 4 games,75%,True,1.0
Aaron Gordon,ORL,Over 9.5 Points,-113,Hit in 15 of his last 20 games,75%,False,9.0
Aaron Gordon,ORL,Over 9.5 Points,-113,Hit in 15 of his last 20 away games,75%,False,9.0
Aaron Gordon,ORL,Over 1.5 Assists,-137,Hit in 3 of his last 4 games vs ORL,75%,False,0.0
Aaron Gordon,ORL,Over 5.5 REB+AST,-142,Hit in 15 of his last 20 games,75%,False,4.0
Russell Westbrook,ORL,Over 12.5 Points,-120,Hit in 3 of his last 4 games vs ORL,75%,True,14.0
Russell Westbrook,ORL,Under 1.5 3PTM,-230,Hit in 15 of his last 20 games,75%,True,1.0
Russell Westbrook,ORL,Over 5.5 Assists,-136,Hit in 3 of his last 4 games vs ORL,75%,True,6.0
Russell Westbrook,ORL,Over 18.5 PTS+AST,-125,Hit in 3 of his last 4 games vs ORL,75%,True,20.0
Nikola Jokić,ORL,Under 1.5 3PTM,-142,Hit in 3 of his last 4 games vs ORL,75%,True,0.0
Nikola Jokić,ORL,Under 47.5 PTS+AST+REB,-117,Hit in 3 of his last 4 games vs ORL,75%,True,30.0
Nikola Jokić,ORL,Over 0.5 Triple Double,163,Hit in 3 of his last 4 games,75%,False,0.0
Jamal Murray,ORL,Over 8.5 REB+AST,-148,Hit in 12 of his last 16 away games,75%,False,6.0
Paolo Banchero,DEN,Under 3.5 Turnovers,100,Hit in 3 of his last 4 games vs DEN,75%,True,1.0
Paolo Banchero,DEN,Over 0.5 Blocks,-130,Hit in 3 of his last 4 games,75%,True,1.0
Paolo Banchero,DEN,Over 0.5 Steals,-145,Hit in 3 of his last 4 games vs DEN,75%,True,2.0
Nikola Jokić,ORL,Over 1.5 Steals,-118,Hit in 3 of his last 4 games vs ORL,75%,True,3.0
Paolo Banchero,DEN,Under 25.5 Points,-106,Hit in 3 of his last 4 games vs DEN,75%,True,10.0
Anthony Black,DEN,Under 1.5 Turnovers,105,Hit in 6 of his last 8 games,75%,False,2.0
Anthony Black,DEN,Under 1.5 STL+BLK,-135,Hit in 9 of his last 12 games,75%,False,3.0
Aaron Gordon,ORL,Under 0.5 Steals,-155,Hit in 9 of his last 12 games,75%,True,0.0
Aaron Gordon,ORL,Over 0.5 STL+BLK,-150,Hit in 15 of his last 20 away games,75%,False,0.0
Russell Westbrook,ORL,Over 24.5 PTS+AST+REB,-104,Hit in 3 of his last 4 games vs ORL,75%,False,20.0
Russell Westbrook,ORL,Over 18.5 PTS+REB,-104,Hit in 6 of his last 8 games,75%,True,19.0
Russell Westbrook,ORL,Over 18.5 PTS+REB,-104,Hit in 3 of his last 4 games vs ORL,75%,True,19.0
Russell Westbrook,ORL,Over 11.5 REB+AST,106,Hit in 9 of his last 12 games,75%,False,11.0
Russell Westbrook,ORL,Over 11.5 REB+AST,106,Hit in 3 of his last 4 games vs ORL,75%,False,11.0
Russell Westbrook,ORL,Over 2.5 Turnovers,-155,Hit in 15 of his last 20 games,75%,True,5.0
Russell Westbrook,ORL,Over 2.5 Turnovers,-155,Hit in 3 of his last 4 games vs ORL,75%,True,5.0
Russell Westbrook,ORL,Under 0.5 Blocks,-175,Hit in 3 of his last 4 games vs ORL,75%,True,0.0
Russell Westbrook,ORL,Under 1.5 Steals,-190,Hit in 3 of his last 4 games vs ORL,75%,True,0.0
Paolo Banchero,DEN,Under 32.5 PTS+REB,-102,Hit in 3 of his last 4 games vs DEN,75%,True,17.0
Jonathan Isaac,DEN,Over 7.5 PTS+AST,-137,Hit in 3 of his last 4 games,75%,True,15.0
Shai Gilgeous-Alexander,BRO,Over 37.5 PTS+AST,-106,Hit in 3 of his last 4 games,75%,True,39.0
Shai Gilgeous-Alexander,BRO,Over 31.5 Points,100,Hit in 3 of his last 4 games,75%,False,29.0
Shai Gilgeous-Alexander,BRO,Under 11.5 REB+AST,-104,Hit in 3 of his last 4 games vs BRO,75%,False,13.0
Shai Gilgeous-Alexander,BRO,Over 43.5 PTS+AST+REB,-121,Hit in 3 of his last 4 games,75%,False,39.0
Shai Gilgeous-Alexander,BRO,Under 1.5 3PTM,-113,Hit in 3 of his last 4 games vs BRO,75%,True,1.0
D'Angelo Russell,OKL,Over 2.5 Rebounds,-154,Hit in 3 of his last 4 games,75%,True,4.0
D'Angelo Russell,OKL,Over 2.5 Rebounds,-154,Hit in 6 of his last 8 games vs OKL,75%,True,4.0
D'Angelo Russell,OKL,Under 5.5 Assists,-154,Hit in 3 of his last 4 games vs OKL,75%,False,7.0
Ziaire Williams,OKL,Over 1.5 Assists,112,Hit in 6 of his last 8 games,75%,True,2.0
Ziaire Williams,OKL,Over 1.5 Assists,112,Hit in 3 of his last 4 games vs OKL,75%,True,2.0
Ziaire Williams,OKL,Over 6.5 REB+AST,104,Hit in 3 of his last 4 games vs OKL,75%,True,7.0
Ziaire Williams,OKL,Over 15.5 PTS+REB,-102,Hit in 6 of his last 8 games,75%,False,14.0
Ziaire Williams,OKL,Over 15.5 PTS+REB,-102,Hit in 3 of his last 4 away games,75%,False,14.0
Ziaire Williams,OKL,Over 10.5 Points,-104,Hit in 3 of his last 4 games,75%,False,9.0
Ziaire Williams,OKL,Over 10.5 Points,-104,Hit in 3 of his last 4 away games,75%,False,9.0
Cameron Johnson,OKL,Under 3.5 Rebounds,-133,Hit in 3 of his last 4 games,75%,True,2.0
Khris Middleton,PHI,Over 7.5 REB+AST,-138,Hit in 15 of his last 20 games,75%,True,13.0
Khris Middleton,PHI,Under 1.5 3PTM,-140,Hit in 6 of his last 8 games,75%,True,1.0
Taurean Prince,PHI,Under 1.5 3PTM,-194,Hit in 3 of his last 4 games,75%,False,3.0
Damian Lillard,PHI,Over 3.5 3PTM,130,Hit in 3 of his last 4 games vs PHI,75%,True,4.0
Damian Lillard,PHI,Over 3.5 3PTM,130,Hit in 3 of his last 4 home games,75%,True,4.0
Damian Lillard,PHI,Over 6.5 Assists,-104,Hit in 6 of his last 8 home games,75%,False,4.0
Bobby Portis,PHI,Under 1.5 3PTM,-215,Hit in 3 of his last 4 games vs PHI,75%,True,0.0
Bobby Portis,PHI,Under 19.5 PTS+REB,-108,Hit in 3 of his last 4 games vs PHI,75%,True,14.0
Giannis Antetokounmpo,PHI,Over 12.5 Rebounds,-113,Hit in 6 of his last 8 games vs PHI,75%,True,15.0
Brook Lopez,PHI,Over 11.5 Points,-104,Hit in 6 of his last 8 games vs PHI,75%,True,16.0
Brook Lopez,PHI,Over 11.5 Points,-104,Hit in 3 of his last 4 home games,75%,True,16.0
Brook Lopez,PHI,Over 16.5 PTS+REB,-111,Hit in 3 of his last 4 home games,75%,True,23.0
Tyrese Maxey,MIL,Under 3.5 3PTM,-150,Hit in 6 of his last 8 games vs MIL,75%,False,6.0
Tyrese Maxey,MIL,Under 6.5 Assists,-160,Hit in 6 of his last 8 games vs MIL,75%,False,7.0
Tyrese Maxey,MIL,Over 32.5 PTS+REB,-106,Hit in 3 of his last 4 games,75%,True,55.0
Eric Gordon,MIL,Over 3.5 REB+AST,-166,Hit in 3 of his last 4 games,75%,True,7.0
Eric Gordon,MIL,Under 9.5 Points,-129,Hit in 15 of his last 20 games,75%,False,14.0
Eric Gordon,MIL,Under 9.5 Points,-129,Hit in 3 of his last 4 games vs MIL,75%,False,14.0
Eric Gordon,MIL,Over 11.5 PTS+REB,-117,Hit in 3 of his last 4 games,75%,True,15.0
D'Angelo Russell,OKL,Under 17.5 PTS+REB,-125,Hit in 3 of his last 4 games,75%,True,13.0
Damian Lillard,PHI,Over 10.5 REB+AST,-111,Hit in 3 of his last 4 home games,75%,False,9.0
Damian Lillard,PHI,Over 24.5 Points,-104,Hit in 3 of his last 4 home games,75%,True,33.0
Giannis Antetokounmpo,PHI,Under 42.5 PTS+REB,-113,Hit in 3 of his last 4 games vs PHI,75%,False,49.0
Giannis Antetokounmpo,PHI,Over 4.5 Turnovers,110,Hit in 3 of his last 4 games vs PHI,75%,False,0.0
Giannis Antetokounmpo,PHI,Under 1.5 Blocks,-145,Hit in 3 of his last 4 games,75%,True,0.0
Tyrese Maxey,MIL,Under 9.5 REB+AST,-113,Hit in 6 of his last 8 games vs MIL,75%,False,13.0
Giannis Antetokounmpo,PHI,Over 0.5 Steals,-210,Hit in 6 of his last 8 games vs PHI,75%,False,0.0
Brook Lopez,PHI,Over 1.5 Blocks,-160,Hit in 3 of his last 4 home games,75%,True,2.0
Tyrese Maxey,MIL,Over 3.5 Rebounds,102,Hit in 3 of his last 4 games,75%,True,6.0
Tyrese Maxey,MIL,Under 1.5 Steals,-105,Hit in 3 of his last 4 games,75%,True,1.0
Tyrese Maxey,MIL,Under 1.5 Steals,-105,Hit in 6 of his last 8 games vs MIL,75%,True,1.0
D'Angelo Russell,OKL,Over 0.5 Steals,-155,Hit in 3 of his last 4 away games,75%,True,1.0
D'Angelo Russell,OKL,Over 0.5 STL+BLK,-225,Hit in 3 of his last 4 away games,75%,True,1.0
Ziaire Williams,OKL,Under 1.5 Turnovers,-120,Hit in 3 of his last 4 games,75%,True,0.0
Ziaire Williams,OKL,Under 1.5 Turnovers,-120,Hit in 3 of his last 4 games vs OKL,75%,True,0.0
Ziaire Williams,OKL,Under 0.5 Blocks,-350,Hit in 3 of his last 4 games vs OKL,75%,False,1.0
Taurean Prince,PHI,Over 0.5 Turnovers,-155,Hit in 3 of his last 4 games vs PHI,75%,False,0.0
Bobby Portis,PHI,Under 1.5 Turnovers,-225,Hit in 6 of his last 8 games,75%,True,0.0
Brook Lopez,PHI,Under 2.5 STL+BLK,-125,Hit in 3 of his last 4 games,75%,True,2.0
Tyrese Maxey,MIL,Over 1.5 STL+BLK,-200,Hit in 3 of his last 4 games vs MIL,75%,False,1.0
Eric Gordon,MIL,Under 0.5 Blocks,-250,Hit in 3 of his last 4 games vs MIL,75%,False,1.0
Eric Gordon,MIL,Over 0.5 Steals,-210,Hit in 3 of his last 4 games,75%,False,0.0
Eric Gordon,MIL,Under 1.5 STL+BLK,-165,Hit in 3 of his last 4 games vs MIL,75%,True,1.0
D'Angelo Russell,OKL,Under 13.5 Points,100,Hit in 3 of his last 4 games,75%,True,9.0
Damian Lillard,PHI,Over 28.5 PTS+REB,-106,Hit in 3 of his last 4 games vs PHI,75%,True,38.0
Kawhi Leonard,LAL,Over 22.5 PTS+AST+REB,-129,Hit in 15 of his last 20 games,75%,True,25.0
Kawhi Leonard,LAL,Over 20.5 PTS+REB,-115,Hit in 12 of his last 16 games,75%,True,22.0
LeBron James,LAC,Over 29.5 PTS+REB,-113,Hit in 3 of his last 4 away games,75%,True,34.0
LeBron James,LAC,Under 8.5 Assists,-142,Hit in 6 of his last 8 games,75%,False,11.0
LeBron James,LAC,Over 6.5 Rebounds,-146,Hit in 3 of his last 4 away games,75%,False,5.0
Rui Hachimura,LAC,Under 1.5 Assists,-194,Hit in 9 of his last 12 games,75%,True,1.0
Austin Reaves,LAC,Under 18.5 Points,-122,Hit in 3 of his last 4 games,75%,True,18.0
Max Christie,LAC,Under 5.5 REB+AST,-142,Hit in 3 of his last 4 games,75%,True,2.0
Max Christie,LAC,Over 1.5 Assists,-113,Hit in 6 of his last 8 away games,75%,False,1.0
Max Christie,LAC,Under 13.5 PTS+REB,-111,Hit in 3 of his last 4 games,75%,False,15.0
Anthony Davis,LAC,Under 3.5 Assists,-150,Hit in 3 of his last 4 games,75%,True,3.0
Deandre Ayton,CHI,Under 23.5 PTS+REB,-113,Hit in 6 of his last 8 games,75%,False,28.0
Deandre Ayton,CHI,Over 10.5 Rebounds,100,Hit in 3 of his last 4 games vs CHI,75%,True,13.0
Deandre Ayton,CHI,Over 0.5 Double Double,100,Hit in 3 of his last 4 games vs CHI,75%,True,1.0
Shaedon Sharpe,CHI,Under 4.5 Rebounds,-122,Hit in 3 of his last 4 games,75%,True,4.0
Shaedon Sharpe,CHI,Over 1.5 3PTM,-192,Hit in 6 of his last 8 games,75%,True,2.0
Josh Giddey,POR,Under 13.5 REB+AST,-113,Hit in 3 of his last 4 games vs POR,75%,True,7.0
Coby White,POR,Under 8.5 REB+AST,-120,Hit in 6 of his last 8 games,75%,True,3.0
Coby White,POR,Over 23.5 PTS+AST,-118,Hit in 3 of his last 4 away games,75%,False,11.0
Coby White,POR,Under 18.5 Points,-106,Hit in 3 of his last 4 games,75%,True,11.0
Zach LaVine,POR,Over 2.5 3PTM,-125,Hit in 3 of his last 4 away games,75%,False,2.0
Domantas Sabonis,WAS,Over 42.5 PTS+AST+REB,-108,Hit in 3 of his last 4 games vs WAS,75%,False,37.0
Domantas Sabonis,WAS,Over 6.5 Assists,-148,Hit in 3 of his last 4 games vs WAS,75%,False,4.0
Malik Monk,WAS,Under 2.5 3PTM,110,Hit in 3 of his last 4 games,75%,False,3.0
Trey Lyles,WAS,Over 5.5 Rebounds,120,Hit in 6 of his last 8 games,75%,False,5.0
Trey Lyles,WAS,Over 5.5 Rebounds,120,Hit in 3 of his last 4 home games,75%,False,5.0
DeMar DeRozan,WAS,Under 1.5 3PTM,-234,Hit in 15 of his last 20 games,75%,True,0.0
DeMar DeRozan,WAS,Over 3.5 Rebounds,-122,Hit in 3 of his last 4 games,75%,True,6.0
DeMar DeRozan,WAS,Over 7.5 REB+AST,-120,Hit in 3 of his last 4 games,75%,False,7.0
Keegan Murray,WAS,Over 20.5 PTS+AST+REB,-129,Hit in 3 of his last 4 home games,75%,False,5.0
Keegan Murray,WAS,Over 0.5 Double Double,600,Hit in 3 of his last 4 home games,75%,False,0.0
Keegan Murray,WAS,Under 7.5 REB+AST,-103,Hit in 3 of his last 4 games vs WAS,75%,True,6.0
De'Aaron Fox,WAS,Under 2.5 3PTM,-146,Hit in 3 of his last 4 games vs WAS,75%,True,0.0
Carlton Carrington,SAC,Over 3.5 Rebounds,-128,Hit in 3 of his last 4 games,75%,True,6.0
Jordan Poole,SAC,Over 29.5 PTS+AST+REB,-115,Hit in 9 of his last 12 games,75%,False,20.0
Kyle Kuzma,SAC,Over 20.5 PTS+REB,-113,Hit in 3 of his last 4 away games,75%,True,22.0
Kyle Kuzma,SAC,Over 2.5 Assists,-146,Hit in 3 of his last 4 games vs SAC,75%,True,3.0
Deandre Ayton,CHI,Over 13.5 Points,102,Hit in 3 of his last 4 games vs CHI,75%,True,15.0
Domantas Sabonis,WAS,Over 19.5 Points,-102,Hit in 3 of his last 4 games vs WAS,75%,True,33.0
Domantas Sabonis,WAS,Over 26.5 PTS+AST,-108,Hit in 3 of his last 4 games vs WAS,75%,True,37.0
Keegan Murray,WAS,Over 18.5 PTS+REB,-120,Hit in 3 of his last 4 home games,75%,False,9.0
De'Aaron Fox,WAS,Under 32.5 PTS+AST,-113,Hit in 3 of his last 4 games vs WAS,75%,True,25.0
De'Aaron Fox,WAS,Under 26.5 Points,-120,Hit in 3 of his last 4 games vs WAS,75%,True,12.0
De'Aaron Fox,WAS,Under 31.5 PTS+REB,-113,Hit in 3 of his last 4 games,75%,True,17.0
De'Aaron Fox,WAS,Under 37.5 PTS+AST+REB,-106,Hit in 3 of his last 4 games,75%,True,25.0
De'Aaron Fox,WAS,Under 37.5 PTS+AST+REB,-106,Hit in 3 of his last 4 games vs WAS,75%,True,25.0
Bilal Coulibaly,SAC,Over 14.5 PTS+REB,-130,Hit in 3 of his last 4 games,75%,True,15.0
Kawhi Leonard,LAL,Over 1.5 Turnovers,-125,Hit in 3 of his last 4 games vs LAL,75%,False,1.0
LeBron James,LAC,Over 3.5 Turnovers,-115,Hit in 3 of his last 4 games vs LAC,75%,True,5.0
Anthony Davis,LAC,Under 2.5 Turnovers,-135,Hit in 6 of his last 8 games,75%,False,3.0
Toumani Camara,CHI,Under 1.5 3PTM,-140,Hit in 3 of his last 4 games,75%,True,0.0
Nikola Vučević,POR,Under 1.5 3PTM,-113,Hit in 3 of his last 4 games,75%,True,1.0
Nikola Vučević,POR,Under 1.5 3PTM,-113,Hit in 3 of his last 4 games vs POR,75%,True,1.0
Nikola Vučević,POR,Over 19.5 Points,-113,Hit in 3 of his last 4 games vs POR,75%,False,19.0
DeMar DeRozan,WAS,Under 1.5 Turnovers,-141,Hit in 9 of his last 12 games,75%,True,0.0
De'Aaron Fox,WAS,Under 2.5 Turnovers,-125,Hit in 3 of his last 4 games vs WAS,75%,True,2.0
Corey Kispert,SAC,Over 13.5 PTS+REB,-121,Hit in 3 of his last 4 games,75%,True,21.0
Corey Kispert,SAC,Under 1.5 Assists,-105,Hit in 3 of his last 4 games,75%,True,1.0
Jonas Valančiūnas,SAC,Over 1.5 Assists,-174,Hit in 6 of his last 8 games vs SAC,75%,True,3.0
Domantas Sabonis,WAS,Over 2.5 Turnovers,140,Hit in 3 of his last 4 home games,75%,True,5.0
LeBron James,LAC,Over 38.5 PTS+AST+REB,-104,Hit in 3 of his last 4 away games,75%,True,40.0
Austin Reaves,LAC,Over 0.5 Steals,-250,Hit in 3 of his last 4 games,75%,False,0.0
Austin Reaves,LAC,Over 0.5 Steals,-250,Hit in 3 of his last 4 games vs LAC,75%,False,0.0
Austin Reaves,LAC,Over 1.5 STL+BLK,145,Hit in 3 of his last 4 games,75%,False,1.0
Anthony Davis,LAC,Over 3.5 STL+BLK,-105,Hit in 3 of his last 4 games vs LAC,75%,True,4.0
Domantas Sabonis,WAS,Under 0.5 Steals,150,Hit in 6 of his last 8 games,75%,False,1.0
Domantas Sabonis,WAS,Under 0.5 Steals,150,Hit in 3 of his last 4 games vs WAS,75%,False,1.0
Domantas Sabonis,WAS,Under 1.5 STL+BLK,-150,Hit in 3 of his last 4 games vs WAS,75%,True,1.0
Trey Lyles,WAS,Over 0.5 Turnovers,100,Hit in 6 of his last 8 games,75%,True,1.0
Keegan Murray,WAS,Over 0.5 Blocks,-155,Hit in 9 of his last 12 home games,75%,True,1.0
Keegan Murray,WAS,Over 0.5 Steals,-210,Hit in 3 of his last 4 games vs WAS,75%,True,2.0
De'Aaron Fox,WAS,Over 1.5 STL+BLK,-160,Hit in 3 of his last 4 games,75%,True,3.0
Corey Kispert,SAC,Over 0.5 STL+BLK,-155,Hit in 3 of his last 4 games,75%,True,1.0
Kyle Kuzma,SAC,Over 0.5 Steals,-135,Hit in 3 of his last 4 games,75%,True,1.0
Kyle Kuzma,SAC,Over 0.5 Steals,-135,Hit in 3 of his last 4 games vs SAC,75%,True,1.0
Rui Hachimura,LAC,Under 10.5 Points,-111,Hit in 3 of his last 4 games,75%,False,21.0
Toumani Camara,CHI,Over 7.5 REB+AST,-125,Hit in 6 of his last 8 home games,75%,True,8.0
Jerami Grant,CHI,Over 1.5 STL+BLK,-125,Hit in 3 of his last 4 home games,75%,False,1.0
Deandre Ayton,CHI,Under 24.5 PTS+AST+REB,-113,Hit in 6 of his last 8 games,75%,True,17.0
Deandre Ayton,CHI,Over 11.5 REB+AST,-109,Hit in 3 of his last 4 games vs CHI,75%,True,15.0
Deandre Ayton,CHI,Over 14.5 PTS+AST,-106,Hit in 3 of his last 4 games vs CHI,75%,True,17.0
Deandre Ayton,CHI,Over 0.5 Blocks,-190,Hit in 3 of his last 4 games vs CHI,75%,True,2.0
Deandre Ayton,CHI,Under 0.5 Steals,105,Hit in 3 of his last 4 games vs CHI,75%,True,0.0
Shaedon Sharpe,CHI,Over 7.5 REB+AST,-130,Hit in 6 of his last 8 home games,75%,False,7.0
Shaedon Sharpe,CHI,Under 0.5 Blocks,-300,Hit in 15 of his last 20 games,75%,True,0.0
Josh Giddey,POR,Over 2.5 Turnovers,140,Hit in 3 of his last 4 games,75%,False,2.0
Josh Giddey,POR,Under 0.5 Blocks,-155,Hit in 3 of his last 4 games vs POR,75%,False,1.0
Josh Giddey,POR,Under 1.5 Steals,-225,Hit in 3 of his last 4 games,75%,True,1.0
Josh Giddey,POR,Under 1.5 STL+BLK,100,Hit in 3 of his last 4 games vs POR,75%,False,2.0
Patrick Williams,POR,Over 11.5 PTS+REB,-121,Hit in 9 of his last 12 away games,75%,True,22.0
Patrick Williams,POR,Over 7.5 Points,-130,Hit in 3 of his last 4 games,75%,True,19.0
Patrick Williams,POR,Over 0.5 Blocks,-110,Hit in 6 of his last 8 games,75%,False,0.0
Nikola Vučević,POR,Over 2.5 Assists,-174,Hit in 3 of his last 4 games vs POR,75%,True,7.0
Coby White,POR,Over 2.5 Turnovers,135,Hit in 3 of his last 4 games,75%,False,2.0
Coby White,POR,Over 2.5 Turnovers,135,Hit in 3 of his last 4 away games,75%,False,2.0
Coby White,POR,Over 0.5 Steals,-225,Hit in 3 of his last 4 away games,75%,False,0.0
Zach LaVine,POR,Under 1.5 STL+BLK,-150,Hit in 15 of his last 20 games,75%,False,3.0
Aaron Gordon,ORL,Over 0.5 3PTM,-129,Hit in 14 of his last 19 games,74%,False,0.0
D'Angelo Russell,OKL,Under 5.5 Assists,-154,Hit in 14 of his last 19 games,74%,False,7.0
Eric Gordon,MIL,Under 1.5 Rebounds,104,Hit in 14 of his last 19 games,74%,True,1.0
Damian Lillard,PHI,Over 3.5 Rebounds,-166,Hit in 14 of his last 19 games,74%,True,5.0
Bilal Coulibaly,SAC,Over 3.5 Rebounds,-172,Hit in 14 of his last 19 games,74%,True,4.0
Stephon Castle,MIA,Under 21.5 PTS+AST+REB,100,Hit in 11 of his last 15 games,73%,True,14.0
Stephon Castle,MIA,Under 18.5 PTS+AST,-106,Hit in 11 of his last 15 games,73%,True,14.0
Nikola Jokić,ORL,Over 38.5 PTS+REB,-125,Hit in 11 of his last 15 away games,73%,False,34.0
Aaron Gordon,ORL,Over 4.5 Rebounds,114,Hit in 11 of his last 15 away games,73%,False,4.0
Giannis Antetokounmpo,PHI,Over 0.5 Steals,-210,Hit in 11 of his last 15 games,73%,False,0.0
DeMar DeRozan,WAS,Over 3.5 Assists,-148,Hit in 11 of his last 15 home games,73%,False,1.0
De'Aaron Fox,WAS,Under 1.5 Steals,-140,Hit in 11 of his last 15 games,73%,False,2.0
Bam Adebayo,SAS,Over 0.5 Double Double,125,Hit in 8 of his last 11 home games,73%,False,0.0
Bam Adebayo,SAS,Over 13.5 REB+AST,102,Hit in 8 of his last 11 home games,73%,True,16.0
Russell Westbrook,ORL,Over 18.5 PTS+AST,-125,Hit in 8 of his last 11 away games,73%,True,20.0
Nikola Jokić,ORL,Over 38.5 PTS+REB,-125,Hit in 8 of his last 11 games,73%,False,34.0
D'Angelo Russell,OKL,Under 2.5 3PTM,-170,Hit in 8 of his last 11 games,73%,True,0.0
Tyrese Maxey,MIL,Under 38.5 PTS+AST+REB,-113,Hit in 8 of his last 11 games,73%,False,56.0
Tyrese Maxey,MIL,Under 9.5 REB+AST,-113,Hit in 8 of his last 11 games,73%,False,13.0
Coby White,POR,Over 23.5 PTS+AST,-118,Hit in 8 of his last 11 games,73%,False,11.0
Zach LaVine,POR,Over 9.5 REB+AST,-113,Hit in 8 of his last 11 away games,73%,False,9.0
Jordan Poole,SAC,Over 3.5 3PTM,-128,Hit in 8 of his last 11 games,73%,False,3.0
Jordan Poole,SAC,Over 25.5 PTS+REB,-108,Hit in 8 of his last 11 games,73%,False,18.0
Patrick Williams,POR,Over 7.5 Points,-130,Hit in 8 of his last 11 away games,73%,True,19.0
Patrick Williams,POR,Over 0.5 Turnovers,-210,Hit in 8 of his last 11 games,73%,True,1.0
Nikola Jokić,ORL,Over 35.5 PTS+AST,-109,Hit in 13 of his last 18 away games,72%,False,30.0
Shai Gilgeous-Alexander,BRO,Over 0.5 Blocks,-225,Hit in 13 of his last 18 home games,72%,True,1.0
Corey Kispert,SAC,Under 0.5 Steals,-135,Hit in 13 of his last 18 games,72%,False,1.0
Max Christie,LAC,Over 0.5 Steals,-250,Hit in 13 of his last 18 games,72%,False,0.0
Victor Wembanyama,MIA,Over 11.5 Rebounds,-128,Hit in 5 of his last 7 games,71%,False,10.0
Victor Wembanyama,MIA,Over 2.5 3PTM,-146,Hit in 10 of his last 14 games,71%,True,3.0
Devin Vassell,MIA,Over 8.5 REB+AST,112,Hit in 5 of his last 7 games,71%,False,5.0
Haywood Highsmith,SAS,Under 0.5 Steals,115,Hit in 5 of his last 7 games,71%,True,0.0
Chris Paul,MIA,Under 1.5 STL+BLK,-175,Hit in 5 of his last 7 games,71%,True,1.0
Julian Strawther,ORL,Over 8.5 PTS+AST,-113,Hit in 5 of his last 7 games,71%,True,10.0
Julian Strawther,ORL,Over 7.5 Points,-111,Hit in 5 of his last 7 games,71%,True,9.0
Julian Strawther,ORL,Over 1.5 3PTM,143,Hit in 5 of his last 7 games,71%,False,1.0
Jamal Murray,ORL,Over 3.5 Rebounds,-102,Hit in 5 of his last 7 away games,71%,False,2.0
Russell Westbrook,ORL,Over 12.5 Points,-120,Hit in 5 of his last 7 games,71%,True,14.0
Russell Westbrook,ORL,Over 18.5 PTS+AST,-125,Hit in 5 of his last 7 games,71%,True,20.0
Nikola Jokić,ORL,Over 35.5 PTS+AST,-109,Hit in 10 of his last 14 games,71%,False,30.0
Paolo Banchero,DEN,Over 0.5 Steals,-145,Hit in 5 of his last 7 home games,71%,True,2.0
Jonathan Isaac,DEN,Over 0.5 Steals,-155,Hit in 10 of his last 14 home games,71%,False,0.0
Julian Strawther,ORL,Over 0.5 Turnovers,-130,Hit in 5 of his last 7 games,71%,True,1.0
Ziaire Williams,OKL,Over 4.5 Rebounds,-128,Hit in 5 of his last 7 games,71%,True,5.0
Cameron Johnson,OKL,Over 2.5 3PTM,-160,Hit in 5 of his last 7 away games,71%,True,3.0
Taurean Prince,PHI,Over 10.5 PTS+AST+REB,-113,Hit in 5 of his last 7 home games,71%,True,18.0
Taurean Prince,PHI,Over 7.5 PTS+AST,100,Hit in 5 of his last 7 home games,71%,True,18.0
Brook Lopez,PHI,Over 18.5 PTS+AST+REB,-113,Hit in 5 of his last 7 games,71%,True,19.0
Brook Lopez,PHI,Over 6.5 REB+AST,-125,Hit in 5 of his last 7 games,71%,True,10.0
Brook Lopez,PHI,Over 1.5 Assists,108,Hit in 5 of his last 7 games vs PHI,71%,True,3.0
Brook Lopez,PHI,Over 12.5 PTS+AST,-129,Hit in 10 of his last 14 games,71%,True,19.0
Damian Lillard,PHI,Over 24.5 Points,-104,Hit in 5 of his last 7 games,71%,True,33.0
Giannis Antetokounmpo,PHI,Under 1.5 Blocks,-145,Hit in 5 of his last 7 games vs PHI,71%,True,0.0
Brook Lopez,PHI,Over 1.5 Blocks,-160,Hit in 5 of his last 7 games,71%,True,2.0
Shai Gilgeous-Alexander,BRO,Over 0.5 Blocks,-225,Hit in 5 of his last 7 games,71%,True,1.0
D'Angelo Russell,OKL,Over 8.5 REB+AST,110,Hit in 5 of his last 7 games vs OKL,71%,True,11.0
Giannis Antetokounmpo,PHI,Under 2.5 STL+BLK,-135,Hit in 5 of his last 7 games vs PHI,71%,True,0.0
Kawhi Leonard,LAL,Over 16.5 Points,-111,Hit in 10 of his last 14 home games,71%,True,21.0
Austin Reaves,LAC,Under 10.5 REB+AST,-111,Hit in 5 of his last 7 games vs LAC,71%,True,5.0
Anthony Davis,LAC,Over 39.5 PTS+AST+REB,-120,Hit in 5 of his last 7 games,71%,False,19.0
Anthony Davis,LAC,Over 36.5 PTS+REB,-113,Hit in 5 of his last 7 games,71%,False,26.0
Anthony Davis,LAC,Under 27.5 PTS+AST,-115,Hit in 5 of his last 7 games vs LAC,71%,True,19.0
Josh Giddey,POR,Over 17.5 PTS+AST,-111,Hit in 5 of his last 7 games vs POR,71%,False,4.0
Josh Giddey,POR,Over 18.5 PTS+REB,-120,Hit in 5 of his last 7 games vs POR,71%,False,3.0
Josh Giddey,POR,Over 11.5 Points,100,Hit in 5 of his last 7 games vs POR,71%,False,0.0
Coby White,POR,Over 2.5 3PTM,-154,Hit in 5 of his last 7 games,71%,False,1.0
Domantas Sabonis,WAS,Over 0.5 3PTM,-166,Hit in 10 of his last 14 home games,71%,True,2.0
Malik Monk,WAS,Under 3.5 Rebounds,110,Hit in 5 of his last 7 games,71%,True,1.0
Trey Lyles,WAS,Over 7.5 Points,-121,Hit in 5 of his last 7 home games,71%,False,4.0
Trey Lyles,WAS,Over 1.5 3PTM,-113,Hit in 5 of his last 7 home games,71%,False,0.0
Domantas Sabonis,WAS,Under 15.5 Rebounds,100,Hit in 5 of his last 7 games,71%,False,18.0
Domantas Sabonis,WAS,Over 22.5 REB+AST,-130,Hit in 5 of his last 7 home games,71%,False,22.0
Anthony Davis,LAC,Under 2.5 Blocks,-200,Hit in 5 of his last 7 games vs LAC,71%,False,3.0
Shaedon Sharpe,CHI,Under 3.5 Assists,-148,Hit in 10 of his last 14 games,71%,True,3.0
Austin Reaves,LAC,Under 2.5 Turnovers,-185,Hit in 5 of his last 7 games vs LAC,71%,False,5.0
Max Christie,LAC,Over 0.5 Turnovers,-210,Hit in 5 of his last 7 away games,71%,True,1.0
Toumani Camara,CHI,Over 1.5 Steals,110,Hit in 5 of his last 7 games,71%,False,1.0
Deandre Ayton,CHI,Under 1.5 Assists,-174,Hit in 5 of his last 7 games,71%,False,2.0
Deandre Ayton,CHI,Over 0.5 Blocks,-190,Hit in 5 of his last 7 home games,71%,True,2.0
Chris Paul,MIA,Over 1.5 3PTM,-113,Hit in 12 of his last 17 away games,71%,True,3.0
Chris Paul,MIA,Over 9.5 Points,-102,Hit in 12 of his last 17 away games,71%,True,16.0
Devin Vassell,MIA,Over 1.5 Turnovers,-175,Hit in 12 of his last 17 away games,71%,False,1.0
Tyrese Maxey,MIL,Over 1.5 STL+BLK,-200,Hit in 12 of his last 17 games,71%,False,1.0
Bam Adebayo,SAS,Under 1.5 Steals,-200,Hit in 14 of his last 20 games,70%,True,1.0
Harrison Barnes,MIA,Under 0.5 Steals,-175,Hit in 14 of his last 20 games,70%,True,0.0
Stephon Castle,MIA,Over 1.5 Turnovers,-175,Hit in 7 of his last 10 away games,70%,True,4.0
Aaron Gordon,ORL,Over 15.5 PTS+AST+REB,-137,Hit in 14 of his last 20 away games,70%,False,9.0
Aaron Gordon,ORL,Over 13.5 PTS+REB,-122,Hit in 14 of his last 20 games,70%,False,13.0
Aaron Gordon,ORL,Over 13.5 PTS+REB,-122,Hit in 14 of his last 20 away games,70%,False,13.0
Aaron Gordon,ORL,Over 4.5 Rebounds,114,Hit in 14 of his last 20 games,70%,False,4.0
Jamal Murray,ORL,Under 2.5 Turnovers,-165,Hit in 7 of his last 10 games,70%,True,1.0
Russell Westbrook,ORL,Over 2.5 Turnovers,-155,Hit in 7 of his last 10 away games,70%,True,5.0
Russell Westbrook,ORL,Over 1.5 STL+BLK,-140,Hit in 14 of his last 20 games,70%,False,0.0
Cameron Johnson,OKL,Over 2.5 Assists,120,Hit in 7 of his last 10 games,70%,False,2.0
Khris Middleton,PHI,Over 16.5 PTS+AST,-106,Hit in 14 of his last 20 home games,70%,True,23.0
Khris Middleton,PHI,Over 20.5 PTS+AST+REB,-106,Hit in 14 of his last 20 home games,70%,True,23.0
Taurean Prince,PHI,Over 4.5 REB+AST,-133,Hit in 7 of his last 10 games,70%,False,3.0
Giannis Antetokounmpo,PHI,Under 35.5 PTS+AST,-111,Hit in 7 of his last 10 games,70%,False,40.0
Khris Middleton,PHI,Over 15.5 PTS+REB,-128,Hit in 14 of his last 20 home games,70%,True,20.0
Giannis Antetokounmpo,PHI,Under 42.5 PTS+REB,-113,Hit in 7 of his last 10 games,70%,False,49.0
Tyrese Maxey,MIL,Over 2.5 Turnovers,-155,Hit in 7 of his last 10 games,70%,False,2.0
Giannis Antetokounmpo,PHI,Under 49.5 PTS+AST+REB,-117,Hit in 7 of his last 10 games,70%,True,40.0
Kawhi Leonard,LAL,Over 18.5 PTS+AST,-117,Hit in 14 of his last 20 games,70%,True,25.0
Shaedon Sharpe,CHI,Under 29.5 PTS+AST+REB,-122,Hit in 14 of his last 20 games,70%,False,30.0
Corey Kispert,SAC,Over 12.5 PTS+AST,-121,Hit in 14 of his last 20 away games,70%,True,19.0
Jonas Valančiūnas,SAC,Over 1.5 Assists,-174,Hit in 14 of his last 20 games,70%,True,3.0
Shaedon Sharpe,CHI,Under 24.5 PTS+AST,-111,Hit in 7 of his last 10 games,70%,False,30.0
Bilal Coulibaly,SAC,Over 3.5 Assists,-102,Hit in 14 of his last 20 games,70%,False,0.0
Jordan Poole,SAC,Over 7.5 REB+AST,-111,Hit in 7 of his last 10 games,70%,False,4.0
Domantas Sabonis,WAS,Under 0.5 Blocks,-190,Hit in 14 of his last 20 games,70%,True,0.0
Toumani Camara,CHI,Over 12.5 PTS+AST,-121,Hit in 7 of his last 10 games,70%,False,2.0
Deandre Ayton,CHI,Over 0.5 Blocks,-190,Hit in 7 of his last 10 games,70%,True,2.0
Bam Adebayo,SAS,Over 15.5 Points,-118,SAS rank 26th in PTS versus C,26th,False,6.0
Chris Paul,MIA,Over 1.5 3PTM,-113,MIA rank 26th in 3PTM versus PG,26th,True,3.0
Chris Paul,MIA,Over 8.5 Assists,116,MIA rank 28th in AST versus PG,28th,True,9.0
Victor Wembanyama,MIA,Over 11.5 Rebounds,-128,MIA rank 26th in REB against,26th,False,10.0
Harrison Barnes,MIA,Over 3.5 Rebounds,-146,MIA rank 26th in REB against,26th,True,5.0
Stephon Castle,MIA,Over 3.5 Assists,-154,MIA rank 28th in AST versus PG,28th,False,1.0
Devin Vassell,MIA,Under 2.5 3PTM,-130,MIA rank 3rd in 3PTM versus SG,3rd,False,4.0
Chris Paul,MIA,Over 4.5 Rebounds,124,MIA rank 27th in REB versus PG,27th,False,4.0
Victor Wembanyama,MIA,Under 3.5 Blocks,-122,MIA rank 4th in BLK versus PF,4th,True,1.0
Haywood Highsmith,SAS,Over 0.5 Turnovers,-125,SAS rank 3rd in TO versus SF,3rd,True,1.0
Devin Vassell,MIA,Under 18.5 Points,-130,MIA rank 5th in PTS versus SG,5th,False,31.0
Bam Adebayo,SAS,Under 1.5 Turnovers,120,SAS rank 4th in TO against,4th,False,3.0
Tyler Herro,SAS,Under 2.5 Turnovers,-155,SAS rank 4th in TO against,4th,True,0.0
Chris Paul,MIA,Over 0.5 Blocks,375,MIA rank 26th in BLK versus PG,26th,True,1.0
Chris Paul,MIA,Under 1.5 Steals,-235,MIA rank 5th in STL against,5th,True,0.0
Harrison Barnes,MIA,Under 0.5 Steals,-175,MIA rank 5th in STL against,5th,True,0.0
Stephon Castle,MIA,Over 0.5 Blocks,300,MIA rank 26th in BLK versus PG,26th,False,0.0
Stephon Castle,MIA,Under 0.5 Steals,105,MIA rank 5th in STL against,5th,True,0.0
Paolo Banchero,DEN,Over 1.5 3PTM,-136,DEN rank 30th in 3PTM versus SF,30th,False,0.0
Jonathan Isaac,DEN,Under 0.5 3PTM,112,DEN rank 5th in 3PTM versus PF,5th,False,2.0
Jonathan Isaac,DEN,Over 0.5 Assists,-120,DEN rank 30th in AST against,30th,True,1.0
Kentavious Caldwell-Pope,DEN,Over 8.5 Points,-132,DEN rank 27th in PTS versus SG,27th,True,16.0
Kentavious Caldwell-Pope,DEN,Over 1.5 Assists,-154,DEN rank 28th in AST versus SG,28th,True,4.0
Julian Strawther,ORL,Under 1.5 Rebounds,120,ORL rank 2nd in REB against,2nd,False,3.0
Jamal Murray,ORL,Under 19.5 Points,-108,ORL rank 2nd in PTS against,2nd,False,21.0
Russell Westbrook,ORL,Under 1.5 3PTM,-230,ORL rank 1st in 3PTM against,1st,True,1.0
Nikola Jokić,ORL,Under 1.5 3PTM,-142,ORL rank 1st in 3PTM against,1st,True,0.0
Nikola Jokić,ORL,Under 26.5 Points,-109,ORL rank 2nd in PTS against,2nd,True,20.0
Jamal Murray,ORL,Under 2.5 Turnovers,-165,ORL rank 26th in TO versus PG,26th,True,1.0
Nikola Jokić,ORL,Under 0.5 Blocks,-250,ORL rank 2nd in BLK against,2nd,False,3.0
Jonathan Isaac,DEN,Over 0.5 Steals,-155,DEN rank 29th in STL versus PF,29th,False,0.0
Aaron Gordon,ORL,Over 0.5 Turnovers,-210,ORL rank 27th in TO against,27th,True,5.0
Julian Strawther,ORL,Over 0.5 Turnovers,-130,ORL rank 27th in TO against,27th,True,1.0
Julian Strawther,ORL,Under 0.5 Steals,-145,ORL rank 4th in STL versus SG,4th,False,2.0
Jamal Murray,ORL,Under 0.5 Blocks,-165,ORL rank 2nd in BLK against,2nd,True,0.0
Russell Westbrook,ORL,Under 0.5 Blocks,-175,ORL rank 2nd in BLK against,2nd,True,0.0
Shai Gilgeous-Alexander,BRO,Under 5.5 Rebounds,102,BRO rank 2nd in REB versus SG,2nd,True,3.0
D'Angelo Russell,OKL,Over 2.5 Rebounds,-154,OKL rank 30th in REB versus PG,30th,True,4.0
D'Angelo Russell,OKL,Under 5.5 Assists,-154,OKL rank 4th in AST versus PG,4th,False,7.0
D'Angelo Russell,OKL,Under 2.5 3PTM,-170,OKL rank 3rd in 3PTM versus PG,3rd,True,0.0
Ziaire Williams,OKL,Over 4.5 Rebounds,-128,OKL rank 29th in REB versus SF,29th,True,5.0
Ziaire Williams,OKL,Over 1.5 3PTM,-120,OKL rank 29th in 3PTM versus SF,29th,False,1.0
Ziaire Williams,OKL,Over 10.5 Points,-104,OKL rank 29th in PTS versus SF,29th,False,9.0
Nic Claxton,OKL,Over 7.5 Rebounds,-102,OKL rank 28th in REB against,28th,False,5.0
Taurean Prince,PHI,Over 5.5 Points,-130,PHI rank 27th in PTS versus PF,27th,True,17.0
Bobby Portis,PHI,Over 11.5 Points,-113,PHI rank 27th in PTS versus PF,27th,False,6.0
Giannis Antetokounmpo,PHI,Over 12.5 Rebounds,-113,PHI rank 27th in REB versus PF,27th,True,15.0
Tyrese Maxey,MIL,Over 28.5 Points,-113,MIL rank 30th in PTS versus PG,30th,True,49.0
Tyrese Maxey,MIL,Over 3.5 Rebounds,102,MIL rank 29th in REB versus PG,29th,True,6.0
Eric Gordon,MIL,Under 9.5 Points,-129,MIL rank 2nd in PTS versus SG,2nd,False,14.0
Damian Lillard,PHI,Under 1.5 Steals,-200,PHI rank 4th in STL against,4th,True,1.0
Bobby Portis,PHI,Over 7.5 Rebounds,-130,PHI rank 27th in REB versus PF,27th,True,8.0
Bobby Portis,PHI,Under 0.5 Steals,-130,PHI rank 4th in STL against,4th,True,0.0
Giannis Antetokounmpo,PHI,Over 29.5 Points,-120,PHI rank 27th in PTS versus PF,27th,True,34.0
Giannis Antetokounmpo,PHI,Over 4.5 Turnovers,110,PHI rank 29th in TO against,29th,False,0.0
Brook Lopez,PHI,Under 0.5 Steals,-120,PHI rank 3rd in STL versus C,3rd,True,0.0
Taurean Prince,PHI,Over 1.5 Assists,104,PHI rank 26th in AST versus PF,26th,False,1.0
Damian Lillard,PHI,Under 2.5 Turnovers,100,PHI rank 30th in TO versus PG,30th,False,4.0
Giannis Antetokounmpo,PHI,Over 5.5 Assists,-120,PHI rank 26th in AST versus PF,26th,True,6.0
Brook Lopez,PHI,Over 1.5 Blocks,-160,PHI rank 26th in BLK versus C,26th,True,2.0
Tyrese Maxey,MIL,Over 2.5 Turnovers,-155,MIL rank 4th in TO versus PG,4th,False,2.0
Tyrese Maxey,MIL,Under 1.5 Steals,-105,MIL rank 2nd in STL versus PG,2nd,True,1.0
Shai Gilgeous-Alexander,BRO,Over 0.5 Blocks,-225,BRO rank 30th in BLK versus SG,30th,True,1.0
Shai Gilgeous-Alexander,BRO,Over 1.5 Steals,-190,BRO rank 26th in STL versus SG,26th,True,4.0
D'Angelo Russell,OKL,Under 2.5 Turnovers,-140,OKL rank 29th in TO versus PG,29th,False,3.0
Ziaire Williams,OKL,Under 1.5 Turnovers,-120,OKL rank 30th in TO versus SF,30th,True,0.0
Cameron Johnson,OKL,Under 2.5 Turnovers,-160,OKL rank 30th in TO versus PF,30th,False,4.0
Cameron Johnson,OKL,Under 0.5 Steals,-105,OKL rank 1st in STL versus PF,1st,True,0.0
Khris Middleton,PHI,Under 1.5 Turnovers,110,PHI rank 26th in TO versus SF,26th,True,1.0
Taurean Prince,PHI,Over 0.5 Turnovers,-155,PHI rank 29th in TO against,29th,False,0.0
Taurean Prince,PHI,Over 0.5 Blocks,400,PHI rank 28th in BLK versus PF,28th,False,0.0
Taurean Prince,PHI,Under 0.5 Steals,-130,PHI rank 4th in STL against,4th,True,0.0
Bobby Portis,PHI,Over 0.5 Blocks,150,PHI rank 28th in BLK versus PF,28th,True,1.0
Brook Lopez,PHI,Under 1.5 Turnovers,-200,PHI rank 30th in TO versus C,30th,True,0.0
Tyrese Maxey,MIL,Under 0.5 Blocks,-275,MIL rank 1st in BLK against,1st,True,0.0
Eric Gordon,MIL,Under 0.5 Blocks,-250,MIL rank 2nd in BLK versus SG,2nd,False,1.0
D'Angelo Russell,OKL,Under 13.5 Points,100,OKL rank 2nd in PTS versus PG,2nd,True,9.0
LeBron James,LAC,Under 22.5 Points,-115,LAC rank 3rd in PTS against,3rd,False,29.0
Rui Hachimura,LAC,Under 4.5 Rebounds,-111,LAC rank 4th in REB versus PF,4th,False,7.0
Rui Hachimura,LAC,Under 1.5 3PTM,-192,LAC rank 2nd in 3PTM versus PF,2nd,True,1.0
Austin Reaves,LAC,Under 2.5 3PTM,-158,LAC rank 5th in 3PTM against,5th,True,2.0
Austin Reaves,LAC,Under 18.5 Points,-122,LAC rank 3rd in PTS against,3rd,True,18.0
Max Christie,LAC,Under 10.5 Points,-130,LAC rank 3rd in PTS against,3rd,False,14.0
Max Christie,LAC,Under 1.5 3PTM,-118,LAC rank 5th in 3PTM against,5th,False,2.0
Anthony Davis,LAC,Under 24.5 Points,-128,LAC rank 1st in PTS versus PF,1st,True,16.0
Anthony Davis,LAC,Under 0.5 3PTM,139,LAC rank 2nd in 3PTM versus PF,2nd,True,0.0
Anthony Davis,LAC,Under 12.5 Rebounds,-128,LAC rank 4th in REB versus PF,4th,True,10.0
Toumani Camara,CHI,Over 10.5 Points,-115,CHI rank 30th in PTS versus PF,30th,False,0.0
Deandre Ayton,CHI,Over 10.5 Rebounds,100,CHI rank 29th in REB against,29th,True,13.0
Josh Giddey,POR,Over 11.5 Points,100,POR rank 26th in PTS versus SG,26th,False,0.0
Zach LaVine,POR,Over 2.5 3PTM,-125,POR rank 29th in 3PTM versus SG,29th,False,2.0
Zach LaVine,POR,Over 26.5 Points,102,POR rank 26th in PTS versus SG,26th,True,31.0
Domantas Sabonis,WAS,Over 0.5 3PTM,-166,WAS rank 27th in 3PTM versus C,27th,True,2.0
Domantas Sabonis,WAS,Over 6.5 Assists,-148,WAS rank 26th in AST against,26th,False,4.0
Malik Monk,WAS,Over 6.5 Assists,100,WAS rank 30th in AST versus SG,30th,False,4.0
Trey Lyles,WAS,Over 7.5 Points,-121,WAS rank 26th in PTS versus PF,26th,False,4.0
Trey Lyles,WAS,Over 1.5 3PTM,-113,WAS rank 29th in 3PTM against,29th,False,0.0
Trey Lyles,WAS,Over 5.5 Rebounds,120,WAS rank 30th in REB versus PF,30th,False,5.0
DeMar DeRozan,WAS,Over 3.5 Assists,-148,WAS rank 30th in AST versus SG,30th,False,1.0
DeMar DeRozan,WAS,Over 3.5 Rebounds,-122,WAS rank 30th in REB versus SG,30th,True,6.0
Keegan Murray,WAS,Under 6.5 Rebounds,-113,WAS rank 3rd in REB versus SF,3rd,True,5.0
De'Aaron Fox,WAS,Over 5.5 Assists,-158,WAS rank 26th in AST against,26th,True,13.0
Jordan Poole,SAC,Over 3.5 3PTM,-128,SAC rank 28th in 3PTM against,28th,False,3.0
Corey Kispert,SAC,Over 1.5 3PTM,-160,SAC rank 28th in 3PTM versus SF,28th,True,2.0
Corey Kispert,SAC,Over 2.5 Rebounds,-137,SAC rank 26th in REB versus SF,26th,True,3.0
Kyle Kuzma,SAC,Over 1.5 3PTM,128,SAC rank 28th in 3PTM against,28th,False,1.0
Kyle Kuzma,SAC,Under 5.5 Rebounds,-113,SAC rank 2nd in REB versus PF,2nd,False,7.0
Deandre Ayton,CHI,Over 13.5 Points,102,CHI rank 28th in PTS versus C,28th,True,15.0
Domantas Sabonis,WAS,Over 19.5 Points,-102,WAS rank 29th in PTS versus C,29th,True,33.0
Malik Monk,WAS,Over 19.5 Points,100,WAS rank 30th in PTS versus SG,30th,True,29.0
DeMar DeRozan,WAS,Over 22.5 Points,-104,WAS rank 30th in PTS versus SG,30th,True,24.0
De'Aaron Fox,WAS,Over 5.5 Rebounds,130,WAS rank 30th in REB against,30th,False,5.0
Bilal Coulibaly,SAC,Over 3.5 Rebounds,-172,SAC rank 26th in REB versus SF,26th,True,4.0
LeBron James,LAC,Over 0.5 Steals,-200,LAC rank 29th in STL versus SF,29th,True,3.0
Anthony Davis,LAC,Under 2.5 Blocks,-200,LAC rank 2nd in BLK versus PF,2nd,False,3.0
Anthony Davis,LAC,Over 1.5 Steals,130,LAC rank 28th in STL against,28th,False,1.0
Nikola Vučević,POR,Over 11.5 Rebounds,100,POR rank 26th in REB versus C,26th,False,11.0
DeMar DeRozan,WAS,Under 1.5 Turnovers,-141,WAS rank 27th in TO versus SG,27th,True,0.0
De'Aaron Fox,WAS,Under 2.5 Turnovers,-125,WAS rank 5th in TO against,5th,True,2.0
Carlton Carrington,SAC,Over 1.5 3PTM,110,SAC rank 28th in 3PTM against,28th,False,0.0
Corey Kispert,SAC,Under 0.5 Steals,-135,SAC rank 5th in STL versus SF,5th,False,1.0
Domantas Sabonis,WAS,Over 2.5 Turnovers,140,WAS rank 1st in TO versus C,1st,True,5.0
Jordan Poole,SAC,Under 1.5 Steals,-250,SAC rank 5th in STL versus SG,5th,True,1.0
Kawhi Leonard,LAL,Under 0.5 Blocks,-175,LAL rank 3rd in BLK against,3rd,True,0.0
Rui Hachimura,LAC,Under 0.5 Blocks,-225,LAC rank 2nd in BLK versus PF,2nd,True,0.0
Rui Hachimura,LAC,Over 0.5 Steals,-175,LAC rank 28th in STL against,28th,False,0.0
Austin Reaves,LAC,Over 0.5 Steals,-250,LAC rank 28th in STL against,28th,False,0.0
Max Christie,LAC,Over 0.5 Steals,-250,LAC rank 28th in STL against,28th,False,0.0
Domantas Sabonis,WAS,Under 0.5 Steals,150,WAS rank 4th in STL versus C,4th,False,1.0
Malik Monk,WAS,Under 2.5 Turnovers,-190,WAS rank 27th in TO versus SG,27th,True,0.0
Trey Lyles,WAS,Over 0.5 Assists,-250,WAS rank 30th in AST versus PF,30th,False,0.0
Trey Lyles,WAS,Over 0.5 Turnovers,100,WAS rank 5th in TO versus PF,5th,True,1.0
Keegan Murray,WAS,Over 0.5 Turnovers,-160,WAS rank 5th in TO versus SF,5th,True,1.0
Keegan Murray,WAS,Over 0.5 Steals,-210,WAS rank 26th in STL against,26th,True,2.0
Bilal Coulibaly,SAC,Under 1.5 Steals,-250,SAC rank 5th in STL versus SF,5th,True,0.0
Kawhi Leonard,LAL,Over 1.5 Assists,-194,LAL rank 28th in AST versus SF,28th,True,4.0
Rui Hachimura,LAC,Under 10.5 Points,-111,LAC rank 1st in PTS versus PF,1st,False,21.0
Toumani Camara,CHI,Over 1.5 Assists,-142,CHI rank 27th in AST versus PF,27th,True,2.0
Toumani Camara,CHI,Under 1.5 Turnovers,-225,CHI rank 2nd in TO against,2nd,False,3.0
Jerami Grant,CHI,Over 11.5 Points,-121,CHI rank 30th in PTS versus PF,30th,True,22.0
Jerami Grant,CHI,Over 3.5 Rebounds,-125,CHI rank 28th in REB versus PF,28th,False,1.0
Jerami Grant,CHI,Under 0.5 Steals,115,CHI rank 4th in STL versus PF,4th,True,0.0
Shaedon Sharpe,CHI,Over 2.5 Turnovers,125,CHI rank 4th in TO versus SG,4th,True,3.0
Shaedon Sharpe,CHI,Over 0.5 Steals,-210,CHI rank 28th in STL versus SG,28th,False,0.0
Patrick Williams,POR,Under 3.5 Rebounds,-142,POR rank 5th in REB versus PF,5th,True,3.0
Patrick Williams,POR,Under 1.5 Assists,-109,POR rank 3rd in AST versus PF,3rd,True,1.0
Patrick Williams,POR,Over 0.5 Steals,-135,POR rank 29th in STL against,29th,True,1.0
Nikola Vučević,POR,Over 2.5 Assists,-174,POR rank 29th in AST versus C,29th,True,7.0
Coby White,POR,Over 0.5 Steals,-225,POR rank 30th in STL versus PG,30th,False,0.0
